<?xml version="1.0" encoding="UTF-8"?>
<!DOCTYPE us-patent-grant SYSTEM "us-patent-grant-v42-2006-08-23.dtd" [ ]>
<us-patent-grant lang="EN" dtd-version="v4.2 2006-08-23" file="US07891083-20110222.XML" status="PRODUCTION" id="us-patent-grant" country="US" date-produced="20110208" date-publ="20110222">
<us-bibliographic-data-grant>
<publication-reference>
<document-id>
<country>US</country>
<doc-number>07891083</doc-number>
<kind>B2</kind>
<date>20110222</date>
</document-id>
</publication-reference>
<application-reference appl-type="utility">
<document-id>
<country>US</country>
<doc-number>11753579</doc-number>
<date>20070525</date>
</document-id>
</application-reference>
<us-application-series-code>11</us-application-series-code>
<priority-claims>
<priority-claim sequence="01" kind="national">
<country>CN</country>
<doc-number>2006 1 061245</doc-number>
<date>20060621</date>
</priority-claim>
</priority-claims>
<us-term-of-grant>
<us-term-extension>942</us-term-extension>
</us-term-of-grant>
<classifications-ipcr>
<classification-ipcr>
<ipc-version-indicator><date>20060101</date></ipc-version-indicator>
<classification-level>A</classification-level>
<section>H</section>
<class>05</class>
<subclass>K</subclass>
<main-group>13</main-group>
<subgroup>00</subgroup>
<symbol-position>F</symbol-position>
<classification-value>I</classification-value>
<action-date><date>20110222</date></action-date>
<generating-office><country>US</country></generating-office>
<classification-status>B</classification-status>
<classification-data-source>H</classification-data-source>
</classification-ipcr>
</classifications-ipcr>
<classification-national>
<country>US</country>
<main-classification> 29757</main-classification>
<further-classification> 2924356</further-classification>
<further-classification> 29739</further-classification>
<further-classification> 29758</further-classification>
<further-classification> 29760</further-classification>
</classification-national>
<invention-title id="d2e71">Apparatus for assembling semiconductor chip module</invention-title>
<references-cited>
<citation>
<patcit num="00001">
<document-id>
<country>US</country>
<doc-number>2707818</doc-number>
<kind>A</kind>
<name>Page</name>
<date>19550500</date>
</document-id>
</patcit>
<category>cited by examiner</category>
<classification-national><country>US</country><main-classification> 29809</main-classification></classification-national>
</citation>
<citation>
<patcit num="00002">
<document-id>
<country>US</country>
<doc-number>3430326</doc-number>
<kind>A</kind>
<name>Clark et al.</name>
<date>19690300</date>
</document-id>
</patcit>
<category>cited by examiner</category>
<classification-national><country>US</country><main-classification> 29809</main-classification></classification-national>
</citation>
</references-cited>
<number-of-claims>7</number-of-claims>
<us-exemplary-claim>1</us-exemplary-claim>
<us-field-of-classification-search>
<classification-national>
<country>US</country>
<main-classification> 29739</main-classification>
</classification-national>
<classification-national>
<country>US</country>
<main-classification> 29757</main-classification>
</classification-national>
<classification-national>
<country>US</country>
<main-classification> 29758</main-classification>
</classification-national>
<classification-national>
<country>US</country>
<main-classification> 29760</main-classification>
</classification-national>
<classification-national>
<country>US</country>
<main-classification> 29809</main-classification>
</classification-national>
<classification-national>
<country>US</country>
<main-classification> 29225</main-classification>
</classification-national>
<classification-national>
<country>US</country>
<main-classification> 2924356</main-classification>
</classification-national>
<classification-national>
<country>US</country>
<main-classification> 29229</main-classification>
</classification-national>
</us-field-of-classification-search>
<figures>
<number-of-drawing-sheets>9</number-of-drawing-sheets>
<number-of-figures>9</number-of-figures>
</figures>
<us-related-documents>
<related-publication>
<document-id>
<country>US</country>
<doc-number>20070294882</doc-number>
<kind>A1</kind>
<date>20071227</date>
</document-id>
</related-publication>
</us-related-documents>
<parties>
<applicants>
<applicant sequence="001" app-type="applicant-inventor" designation="us-only">
<addressbook>
<last-name>Tsai</last-name>
<first-name>Chun-Chi</first-name>
<address>
<city>Guangdong</city>
<country>CN</country>
</address>
</addressbook>
<nationality>
<country>omitted</country>
</nationality>
<residence>
<country>CN</country>
</residence>
</applicant>
<applicant sequence="002" app-type="applicant-inventor" designation="us-only">
<addressbook>
<last-name>Xiang</last-name>
<first-name>Jian-Hua</first-name>
<address>
<city>Guangdong</city>
<country>CN</country>
</address>
</addressbook>
<nationality>
<country>omitted</country>
</nationality>
<residence>
<country>CN</country>
</residence>
</applicant>
<applicant sequence="003" app-type="applicant-inventor" designation="us-only">
<addressbook>
<last-name>Chen</last-name>
<first-name>Yao-Zhong</first-name>
<address>
<city>Guangdong</city>
<country>CN</country>
</address>
</addressbook>
<nationality>
<country>omitted</country>
</nationality>
<residence>
<country>CN</country>
</residence>
</applicant>
</applicants>
<agents>
<agent sequence="01" rep-type="attorney">
<addressbook>
<last-name>Hsu</last-name>
<first-name>Winston</first-name>
<address>
<country>unknown</country>
</address>
</addressbook>
</agent>
<agent sequence="02" rep-type="attorney">
<addressbook>
<last-name>Margo</last-name>
<first-name>Scott</first-name>
<address>
<country>unknown</country>
</address>
</addressbook>
</agent>
</agents>
</parties>
<assignees>
<assignee>
<addressbook>
<orgname>Hong Fu Jin Precision Industry (Shen Zhen) Co., Ltd.</orgname>
<role>03</role>
<address>
<city>Longhua Town, Bao'an District, Shenzhen, Guangdong Province</city>
<country>unknown</country>
</address>
</addressbook>
</assignee>
<assignee>
<addressbook>
<orgname>Hon Hai Precision Industry Co., Ltd.</orgname>
<role>03</role>
<address>
<city>Tu-Cheng, Taipei Hsien</city>
<country>CN</country>
</address>
</addressbook>
</assignee>
</assignees>
<examiners>
<primary-examiner>
<last-name>Tugbang</last-name>
<first-name>A. Dexter</first-name>
<department>3729</department>
</primary-examiner>
<assistant-examiner>
<last-name>Cazan</last-name>
<first-name>Livius R</first-name>
</assistant-examiner>
</examiners>
</us-bibliographic-data-grant>
<abstract id="abstract">
<p id="p-0001" num="0000">An assembling apparatus is disclosed. The assembling apparatus includes a base, an assembling platform, and a driving part. The assembling platform and the driving part are fixed on the base. The assembling platform defines a receiving space for receiving a semiconductor chip module, a lever chamber for receiving clips of the semiconductor chip module, and a driving groove for connecting the receiving space and the lever chamber. The assembling platform further includes a lever bar removably placed in the lever chamber for expanding the clips. The driving part includes driving shafts. An end of each of the driving shafts is in the driving groove and is movable to pass through the lever chamber and reaches the receiving space. The assembling apparatus is used to assemble a semiconductor chip module conveniently and safely.</p>
</abstract>
<drawings id="DRAWINGS">
<figure id="Fig-EMI-D00000" num="00000">
<img id="EMI-D00000" he="127.42mm" wi="228.60mm" file="US07891083-20110222-D00000.TIF" alt="embedded image" img-content="drawing" img-format="tif"/>
</figure>
<figure id="Fig-EMI-D00001" num="00001">
<img id="EMI-D00001" he="126.32mm" wi="165.61mm" file="US07891083-20110222-D00001.TIF" alt="embedded image" img-content="drawing" img-format="tif"/>
</figure>
<figure id="Fig-EMI-D00002" num="00002">
<img id="EMI-D00002" he="144.53mm" wi="162.48mm" file="US07891083-20110222-D00002.TIF" alt="embedded image" img-content="drawing" img-format="tif"/>
</figure>
<figure id="Fig-EMI-D00003" num="00003">
<img id="EMI-D00003" he="137.41mm" wi="160.70mm" file="US07891083-20110222-D00003.TIF" alt="embedded image" img-content="drawing" img-format="tif"/>
</figure>
<figure id="Fig-EMI-D00004" num="00004">
<img id="EMI-D00004" he="110.74mm" wi="157.40mm" file="US07891083-20110222-D00004.TIF" alt="embedded image" img-content="drawing" img-format="tif"/>
</figure>
<figure id="Fig-EMI-D00005" num="00005">
<img id="EMI-D00005" he="85.60mm" wi="161.04mm" file="US07891083-20110222-D00005.TIF" alt="embedded image" img-content="drawing" img-format="tif"/>
</figure>
<figure id="Fig-EMI-D00006" num="00006">
<img id="EMI-D00006" he="52.49mm" wi="68.66mm" file="US07891083-20110222-D00006.TIF" alt="embedded image" img-content="drawing" img-format="tif"/>
</figure>
<figure id="Fig-EMI-D00007" num="00007">
<img id="EMI-D00007" he="49.87mm" wi="64.77mm" file="US07891083-20110222-D00007.TIF" alt="embedded image" img-content="drawing" img-format="tif"/>
</figure>
<figure id="Fig-EMI-D00008" num="00008">
<img id="EMI-D00008" he="51.31mm" wi="64.18mm" file="US07891083-20110222-D00008.TIF" alt="embedded image" img-content="drawing" img-format="tif"/>
</figure>
<figure id="Fig-EMI-D00009" num="00009">
<img id="EMI-D00009" he="49.70mm" wi="50.04mm" file="US07891083-20110222-D00009.TIF" alt="embedded image" img-content="drawing" img-format="tif"/>
</figure>
</drawings>
<description id="description">
<?BRFSUM description="Brief Summary" end="lead"?>
<heading id="h-0001" level="1">BACKGROUND</heading>
<p id="p-0002" num="0001">1. Technical Field</p>
<p id="p-0003" num="0002">The present invention relates to an assembling apparatus, and particularly to an assembling apparatus for assembling a semiconductor chip module.</p>
<p id="p-0004" num="0003">2. General Background</p>
<p id="p-0005" num="0004">A semiconductor chip, for example, CPU, memory, and so on, produces a lot of heat. If the heat is not removed in time, the semiconductor chip will be destroyed. Radiators are used for eliminating the heat. The radiators are usually made of aluminum. The radiators are attached to the semiconductor chip. Heat transfer sheets are mounted between the semiconductor chip and the radiators for transferring heat efficiently. The semiconductor chip, the heat transfer sheets, and the radiators are fixed by clips and compose a semiconductor chip module.</p>
<p id="p-0006" num="0005">The semiconductor chip module has many components. It is difficult to assemble the module manually. When assembling the module, electronic components on the semiconductor chip may be carelessly destroyed.</p>
<p id="p-0007" num="0006">Therefore, what is needed is an assembling apparatus for assembling the semiconductor chip module.</p>
<heading id="h-0002" level="1">SUMMARY</heading>
<p id="p-0008" num="0007">An assembling apparatus is disclosed. The assembling apparatus includes a base, an assembling platform, and a driving part. The assembling platform and the driving part are mounted on the base. The assembling platform defines a receiving space for receiving a semiconductor chip module, a lever chamber for receiving clips of the semiconductor chip module, and a driving groove connecting the receiving space and the lever chamber. The assembling platform further includes a lever bar removably placed in the lever chamber for expanding the clips. The driving part includes driving shafts. An end of each of the driving shafts is in the driving groove and is movable to pass through the lever chamber and reaches the receiving space.</p>
<p id="p-0009" num="0008">Further features and advantages will be provided or will become apparent in the course of the following detailed description.</p>
<?BRFSUM description="Brief Summary" end="tail"?>
<?brief-description-of-drawings description="Brief Description of Drawings" end="lead"?>
<description-of-drawings>
<heading id="h-0003" level="1">BRIEF DESCRIPTION OF THE DRAWINGS</heading>
<p id="p-0010" num="0009"><figref idref="DRAWINGS">FIG. 1</figref> is a schematic, isometric view of a semiconductor chip module;</p>
<p id="p-0011" num="0010"><figref idref="DRAWINGS">FIG. 2</figref> is an exploded view of the semiconductor chip module of <figref idref="DRAWINGS">FIG. 1</figref>;</p>
<p id="p-0012" num="0011"><figref idref="DRAWINGS">FIG. 3</figref> is a schematic, isometric view of a assembling apparatus used for assembling the semiconductor chip module of <figref idref="DRAWINGS">FIG. 1</figref>, according to a preferred embodiment of the present invention;</p>
<p id="p-0013" num="0012"><figref idref="DRAWINGS">FIG. 4</figref> is a schematic, top view of the assembling apparatus of <figref idref="DRAWINGS">FIG. 3</figref>;</p>
<p id="p-0014" num="0013"><figref idref="DRAWINGS">FIG. 5</figref> is a schematic, section view of the assembling apparatus of <figref idref="DRAWINGS">FIG. 4</figref>; and</p>
<p id="p-0015" num="0014"><figref idref="DRAWINGS">FIGS. 6-9</figref> are schematic views of an process of assembling the memory module of <figref idref="DRAWINGS">FIG. 1</figref>, by utilizing the assembling apparatus of <figref idref="DRAWINGS">FIG. 3</figref>.</p>
</description-of-drawings>
<?brief-description-of-drawings description="Brief Description of Drawings" end="tail"?>
<?DETDESC description="Detailed Description" end="lead"?>
<heading id="h-0004" level="1">DETAILED DESCRIPTION OF THE EMBODIMENT</heading>
<p id="p-0016" num="0015">Referring to <figref idref="DRAWINGS">FIGS. 1 and 2</figref>, a semiconductor chip module <b>10</b> is disclosed. In this embodiment, the semiconductor chip module <b>10</b> takes a memory module as an example. The memory module <b>10</b> includes a memory chip <b>11</b>, a plurality of heat transfer sheets <b>12</b>, <b>14</b>, two radiators <b>15</b>, a plurality of clips <b>16</b>, and a resilient member <b>17</b>. The memory chip <b>11</b> defines two first notches <b>111</b> on opposite edges of the memory chip <b>11</b>. The heat transfer sheet <b>12</b> is located on an upper side of the memory chip <b>11</b>, and the heat transfer sheet <b>14</b> is on a lower side of the memory chip <b>11</b>. The radiators <b>15</b> are in direct contact to the heat transfer sheet <b>12</b>, <b>14</b>. The radiators <b>15</b> define fixing grooves <b>151</b>, <b>152</b>. The clips <b>16</b> clamp the radiator to the memory along the fixing grooves <b>151</b>. The resilient member <b>17</b> is partially inserted along the fixing groove <b>152</b>. Two ends of the resilient member <b>17</b> are hooked in the first notches <b>111</b> so as to fix the memory module <b>10</b> horizontally.</p>
<p id="p-0017" num="0016">Referring to <figref idref="DRAWINGS">FIGS. 3 and 4</figref>, an assembling apparatus <b>20</b> according to a preferred embodiment of the present invention is disclosed. The assembling apparatus <b>20</b> is used to assemble the memory module <b>10</b>. The assembling apparatus <b>20</b> includes a base <b>30</b>, an assembling platform <b>40</b>, and a driving part <b>50</b>.</p>
<p id="p-0018" num="0017">The assembling platform <b>40</b> includes two blocks <b>44</b>, <b>45</b>, a cover plate <b>41</b>, and a lever bar <b>60</b>. The blocks <b>44</b>, <b>45</b> are mounted on the base <b>30</b>. The block <b>44</b> includes two poles <b>401</b>. The cover plate <b>41</b> defines two holes <b>413</b> corresponding to the poles <b>401</b>. The cover plate <b>41</b> can be mounted on the block <b>44</b> by engaging the holes <b>413</b> with the poles <b>401</b>.</p>
<p id="p-0019" num="0018">The blocks <b>44</b>, <b>45</b> and the cover plate <b>41</b> define a receiving space <b>42</b>. The receiving space <b>42</b> is used for receiving the memory module <b>10</b>.</p>
<p id="p-0020" num="0019">The blocks <b>44</b>, <b>45</b> further define slots <b>43</b> on two ends of the receiving space <b>42</b>. The slots <b>43</b> connect with the receiving space <b>42</b> to assist loading the memory module <b>10</b> into the receiving space <b>42</b> or to removing the memory module <b>10</b> from the receiving space <b>42</b>.</p>
<p id="p-0021" num="0020">The cover plate <b>41</b> further defines a depression <b>411</b> adjacent to the receiving space <b>42</b>, and a second notch <b>412</b> on the edge of the depression <b>411</b>. The second notch <b>412</b> is used for to assist locating the first notch <b>111</b> of the memory chip <b>11</b> in the receiving space <b>42</b>.</p>
<p id="p-0022" num="0021">Referring to <figref idref="DRAWINGS">FIG. 4</figref>, the block <b>45</b> defines a lever chamber <b>46</b> for receiving the lever bar <b>60</b>, and a plurality of driving grooves <b>47</b>. The lever chamber <b>46</b> is parallel to the receiving space <b>42</b>. Three holder blocks <b>48</b> are mounted above the lever chamber <b>46</b> to hold the lever bar <b>60</b> along the lever chamber <b>46</b>. The driving grooves <b>47</b> intersect the lever chamber <b>46</b> and connect with the receiving space <b>42</b>.</p>
<p id="p-0023" num="0022">Referring to <figref idref="DRAWINGS">FIGS. 4 and 5</figref>, the driving part <b>50</b> is mounted on the base <b>30</b>. The driving part <b>50</b> is a crank and slide block mechanism. The driving part <b>50</b> includes a rocker <b>52</b>, a crank <b>53</b>, a slide shaft <b>54</b>, a frame <b>51</b>, a slide plate <b>55</b>, two guide rails <b>56</b>, and a plurality of driving shafts <b>57</b> corresponding to the clips <b>16</b>. The slide shaft <b>54</b> and the slide plate <b>55</b> are fixed together. The slide plate <b>55</b> is slideably mounted on the guide rails <b>56</b>. The driving shafts <b>57</b> are fixed on the slide plate <b>55</b>. Ends of the driving shafts <b>57</b> are on the driving grooves <b>47</b> corresponding. If the rocker <b>52</b> is rocked, the slide plate <b>55</b> slides on the guide rails <b>56</b>, and the driving shafts <b>57</b> move along the driving grooves <b>47</b> correspondingly.</p>
<p id="p-0024" num="0023">Referring to <figref idref="DRAWINGS">FIGS. 3</figref>, <b>5</b>, and <b>6</b>, a cross section of the lever bar <b>60</b> is a double flat-sided circle, and has two straight sides and two round sides. A handle <b>61</b> is mounted on an end of the lever bar <b>60</b>.</p>
<p id="p-0025" num="0024">For assembling the memory module <b>10</b>, load the radiator <b>15</b>, the heat transfer sheet <b>14</b>, the memory chip <b>11</b>, the heat transfer sheets <b>12</b>, and the radiator <b>15</b> into the receiving space <b>42</b> in sequence. Mount the cover plate <b>41</b> on the block <b>44</b>. Load the clips <b>16</b> at an intersection where the lever chamber <b>46</b> and the driving grooves <b>47</b>, and align openings of the clips <b>16</b> with the receiving space <b>42</b>.</p>
<p id="p-0026" num="0025">Referring to <figref idref="DRAWINGS">FIGS. 6</figref>, <b>7</b>, <b>8</b>, and <b>9</b>, insert the lever bar <b>60</b> into the lever chamber <b>46</b> and pass the lever bar <b>60</b> through the clips <b>16</b>. At an initial position, the flat sides of the lever bar <b>60</b> contact the clips <b>16</b>. Turn the lever bar <b>60</b> to expand (open) the clips <b>16</b>. Partially actuate the rocker <b>52</b>, the driving shafts <b>57</b> to move, thus, correspondingly pushing the clips <b>16</b> to partially engulf the radiators <b>15</b> at the fixing grooves <b>151</b>. Turn the lever bar <b>60</b> to the initial position so as to enable the lever bar <b>60</b> to separate from the clips <b>16</b>. Pull the lever bar <b>60</b> out from the lever chamber <b>46</b>. Fully actuate the rocker <b>52</b>, the driving shafts <b>57</b> move correspondingly, thus to push the clips <b>16</b> to fully engulf the radiators <b>15</b> at the fixing grooves <b>151</b>. Consequently, the memory module <b>10</b> is fixed vertically.</p>
<p id="p-0027" num="0026">Referring to <figref idref="DRAWINGS">FIGS. 1</figref>, <b>2</b>, and <b>4</b>, load the resilient member <b>17</b> into the fixing groove <b>152</b> of the radiator <b>15</b>. Hook two ends of the resilient member <b>17</b> in the notches <b>111</b> of the memory chip <b>11</b> by nipper pliers (not shown). The memory module <b>10</b> is fixed horizontally.</p>
<p id="p-0028" num="0027">Moreover, it is to be understood that the invention may be embodied in other forms without departing from the spirit thereof. Thus, the present examples and embodiments are to be considered in all respects as illustrative and not restrictive, and the invention is not to be limited to the details given herein.</p>
<?DETDESC description="Detailed Description" end="tail"?>
</description>
<us-claim-statement>What is claimed is:</us-claim-statement>
<claims id="claims">
<claim id="CLM-00001" num="00001">
<claim-text>1. An assembling apparatus for assembling a semiconductor chip module, comprising:
<claim-text>a base;</claim-text>
<claim-text>an assembling platform mounted on the base, defining a receiving space for receiving the semiconductor chip module, a lever chamber for receiving clips of the semiconductor chip module, and a plurality of driving grooves for connecting the receiving space and the lever chamber, and comprising a lever bar, removably placed in the lever chamber, for expanding the clips; and</claim-text>
<claim-text>a driving part fixed on the base, including a plurality of driving shafts, wherein an end of each of the driving shafts is in a corresponding one of the driving grooves and is movable to pass through the lever chamber and reaches the receiving space.</claim-text>
</claim-text>
</claim>
<claim id="CLM-00002" num="00002">
<claim-text>2. The assembling apparatus of <claim-ref idref="CLM-00001">claim 1</claim-ref>, wherein a cross section of the lever bar is a double flat-sided circle.</claim-text>
</claim>
<claim id="CLM-00003" num="00003">
<claim-text>3. The assembling apparatus of <claim-ref idref="CLM-00001">claim 1</claim-ref>, wherein the driving part is a crank and slide block mechanism.</claim-text>
</claim>
<claim id="CLM-00004" num="00004">
<claim-text>4. The assembling apparatus of <claim-ref idref="CLM-00001">claim 1</claim-ref>, wherein the assembling platform comprises a block fixed on the base.</claim-text>
</claim>
<claim id="CLM-00005" num="00005">
<claim-text>5. The assembling apparatus of <claim-ref idref="CLM-00004">claim 4</claim-ref>, further comprising a cover plate removably mounted on the block.</claim-text>
</claim>
<claim id="CLM-00006" num="00006">
<claim-text>6. The assembling apparatus of <claim-ref idref="CLM-00005">claim 5</claim-ref>, wherein the cover plate defines a depression adjacent to the receiving space.</claim-text>
</claim>
<claim id="CLM-00007" num="00007">
<claim-text>7. The assembling apparatus of <claim-ref idref="CLM-00006">claim 6</claim-ref>, wherein the cover plate defines a notch on the edge of the depression. </claim-text>
</claim>
</claims>
</us-patent-grant>
