<?xml version="1.0" encoding="UTF-8"?>
<!DOCTYPE us-patent-grant SYSTEM "us-patent-grant-v42-2006-08-23.dtd" [ ]>
<us-patent-grant lang="EN" dtd-version="v4.2 2006-08-23" file="US07891272-20110222.XML" status="PRODUCTION" id="us-patent-grant" country="US" date-produced="20110208" date-publ="20110222">
<us-bibliographic-data-grant>
<publication-reference>
<document-id>
<country>US</country>
<doc-number>07891272</doc-number>
<kind>B2</kind>
<date>20110222</date>
</document-id>
</publication-reference>
<application-reference appl-type="utility">
<document-id>
<country>US</country>
<doc-number>11940170</doc-number>
<date>20071114</date>
</document-id>
</application-reference>
<us-application-series-code>11</us-application-series-code>
<us-term-of-grant>
<us-term-extension>743</us-term-extension>
</us-term-of-grant>
<classifications-ipcr>
<classification-ipcr>
<ipc-version-indicator><date>20060101</date></ipc-version-indicator>
<classification-level>A</classification-level>
<section>F</section>
<class>16</class>
<subclass>H</subclass>
<main-group>1</main-group>
<subgroup>32</subgroup>
<symbol-position>F</symbol-position>
<classification-value>I</classification-value>
<action-date><date>20110222</date></action-date>
<generating-office><country>US</country></generating-office>
<classification-status>B</classification-status>
<classification-data-source>H</classification-data-source>
</classification-ipcr>
</classifications-ipcr>
<classification-national>
<country>US</country>
<main-classification> 74640</main-classification>
</classification-national>
<invention-title id="d2e53">Robotic harmonic flex-drive</invention-title>
<references-cited>
<citation>
<patcit num="00001">
<document-id>
<country>US</country>
<doc-number>2906143</doc-number>
<kind>A</kind>
<name>Musser</name>
<date>19590900</date>
</document-id>
</patcit>
<category>cited by other</category>
</citation>
<citation>
<patcit num="00002">
<document-id>
<country>US</country>
<doc-number>3415144</doc-number>
<kind>A</kind>
<name>Carson</name>
<date>19681200</date>
</document-id>
</patcit>
<category>cited by examiner</category>
<classification-national><country>US</country><main-classification> 74640</main-classification></classification-national>
</citation>
<citation>
<patcit num="00003">
<document-id>
<country>US</country>
<doc-number>3427898</doc-number>
<kind>A</kind>
<name>Mayer</name>
<date>19690200</date>
</document-id>
</patcit>
<category>cited by examiner</category>
<classification-national><country>US</country><main-classification> 74640</main-classification></classification-national>
</citation>
<citation>
<patcit num="00004">
<document-id>
<country>US</country>
<doc-number>3496782</doc-number>
<kind>A</kind>
<name>Carlson et al.</name>
<date>19700200</date>
</document-id>
</patcit>
<category>cited by examiner</category>
<classification-national><country>US</country><main-classification> 74 108</main-classification></classification-national>
</citation>
<citation>
<patcit num="00005">
<document-id>
<country>US</country>
<doc-number>3977275</doc-number>
<kind>A</kind>
<name>Kiesewetter et al.</name>
<date>19760800</date>
</document-id>
</patcit>
<category>cited by other</category>
</citation>
<citation>
<patcit num="00006">
<document-id>
<country>US</country>
<doc-number>4237751</doc-number>
<kind>A</kind>
<name>Davis</name>
<date>19801200</date>
</document-id>
</patcit>
<category>cited by other</category>
</citation>
<citation>
<patcit num="00007">
<document-id>
<country>US</country>
<doc-number>4703670</doc-number>
<kind>A</kind>
<name>Kondo</name>
<date>19871100</date>
</document-id>
</patcit>
<category>cited by other</category>
</citation>
<citation>
<patcit num="00008">
<document-id>
<country>US</country>
<doc-number>2001/0052735</doc-number>
<kind>A1</kind>
<name>Sakamoto</name>
<date>20011200</date>
</document-id>
</patcit>
<category>cited by examiner</category>
<classification-national><country>US</country><main-classification>310 75 R</main-classification></classification-national>
</citation>
<citation>
<patcit num="00009">
<document-id>
<country>US</country>
<doc-number>2003/0121363</doc-number>
<kind>A1</kind>
<name>Poehlau</name>
<date>20030700</date>
</document-id>
</patcit>
<category>cited by examiner</category>
<classification-national><country>US</country><main-classification> 74640</main-classification></classification-national>
</citation>
</references-cited>
<number-of-claims>20</number-of-claims>
<us-exemplary-claim>1</us-exemplary-claim>
<us-field-of-classification-search>
<classification-national>
<country>US</country>
<main-classification> 74640</main-classification>
</classification-national>
</us-field-of-classification-search>
<figures>
<number-of-drawing-sheets>8</number-of-drawing-sheets>
<number-of-figures>19</number-of-figures>
</figures>
<us-related-documents>
<us-provisional-application>
<document-id>
<country>US</country>
<doc-number>60865782</doc-number>
<date>20061114</date>
</document-id>
</us-provisional-application>
<related-publication>
<document-id>
<country>US</country>
<doc-number>20080110287</doc-number>
<kind>A1</kind>
<date>20080515</date>
</document-id>
</related-publication>
</us-related-documents>
<parties>
<applicants>
<applicant sequence="001" app-type="applicant-inventor" designation="us-only">
<addressbook>
<last-name>Schonlau</last-name>
<first-name>William J.</first-name>
<address>
<street>31107 Marne Dr.</street>
<city>Rancho Palos Verdes</city>
<state>CA</state>
<postcode>90275</postcode>
<country>US</country>
</address>
</addressbook>
<nationality>
<country>omitted</country>
</nationality>
<residence>
<country>US</country>
</residence>
</applicant>
</applicants>
<agents>
<agent sequence="01" rep-type="attorney">
<addressbook>
<orgname>Kelly Lowry &#x26; Kelley, LLP</orgname>
<address>
<country>unknown</country>
</address>
</addressbook>
</agent>
</agents>
</parties>
<examiners>
<primary-examiner>
<last-name>Le</last-name>
<first-name>David D</first-name>
<department>3655</department>
</primary-examiner>
<assistant-examiner>
<last-name>Bishop</last-name>
<first-name>Erin D</first-name>
</assistant-examiner>
</examiners>
</us-bibliographic-data-grant>
<abstract id="abstract">
<p id="p-0001" num="0000">A robotic harmonic flex-drive has an outer generally cylindrical spline having inner diameter gear teeth and an inner generally cylindrical spline having outer diameter gear teeth concentric to the outer spline. A wave generator including a pair of rollers disposed adjacent to an outside surface of the outer spline and an inner surface of the inner spline deforms the outer and inner splines into ellipses whereby the inner diameter gear teeth of the outer spline engage the outer diameter gear teeth of the inner spline at a pair of diametrically opposed points along a major axis of the deformed outer and inner splines.</p>
</abstract>
<drawings id="DRAWINGS">
<figure id="Fig-EMI-D00000" num="00000">
<img id="EMI-D00000" he="91.27mm" wi="97.79mm" file="US07891272-20110222-D00000.TIF" alt="embedded image" img-content="drawing" img-format="tif"/>
</figure>
<figure id="Fig-EMI-D00001" num="00001">
<img id="EMI-D00001" he="236.90mm" wi="197.87mm" file="US07891272-20110222-D00001.TIF" alt="embedded image" img-content="drawing" img-format="tif"/>
</figure>
<figure id="Fig-EMI-D00002" num="00002">
<img id="EMI-D00002" he="233.85mm" wi="156.13mm" file="US07891272-20110222-D00002.TIF" alt="embedded image" img-content="drawing" img-format="tif"/>
</figure>
<figure id="Fig-EMI-D00003" num="00003">
<img id="EMI-D00003" he="247.73mm" wi="193.12mm" file="US07891272-20110222-D00003.TIF" alt="embedded image" img-content="drawing" img-format="tif"/>
</figure>
<figure id="Fig-EMI-D00004" num="00004">
<img id="EMI-D00004" he="239.10mm" wi="149.35mm" file="US07891272-20110222-D00004.TIF" alt="embedded image" img-content="drawing" img-format="tif"/>
</figure>
<figure id="Fig-EMI-D00005" num="00005">
<img id="EMI-D00005" he="249.34mm" wi="196.26mm" file="US07891272-20110222-D00005.TIF" alt="embedded image" img-content="drawing" img-format="tif"/>
</figure>
<figure id="Fig-EMI-D00006" num="00006">
<img id="EMI-D00006" he="223.94mm" wi="180.76mm" file="US07891272-20110222-D00006.TIF" alt="embedded image" img-content="drawing" img-format="tif"/>
</figure>
<figure id="Fig-EMI-D00007" num="00007">
<img id="EMI-D00007" he="226.74mm" wi="181.36mm" file="US07891272-20110222-D00007.TIF" alt="embedded image" img-content="drawing" img-format="tif"/>
</figure>
<figure id="Fig-EMI-D00008" num="00008">
<img id="EMI-D00008" he="241.72mm" wi="190.42mm" file="US07891272-20110222-D00008.TIF" alt="embedded image" img-content="drawing" img-format="tif"/>
</figure>
</drawings>
<description id="description">
<?BRFSUM description="Brief Summary" end="lead"?>
<heading id="h-0001" level="1">BACKGROUND OF THE INVENTION</heading>
<p id="p-0002" num="0001">The present invention is generally directed to a mechanical system having a rotary drive speed-torque conversion device. More particularly, the present invention is directed to a robotic harmonic flex-drive.</p>
<p id="p-0003" num="0002">Conventional modular robotic systems enable single degree-of-freedom rotary joint modules in arrangements suited for specific automation tasks. Each joint module contains a control processor, a drive motor and a speed reduction gear mechanism. These devices all work together in coordination with other joints to move a payload along a specified trajectory with precisely controlled position, velocity and torque. The reduction gear mechanism has previously been provided by commercial harmonic drive assemblies and is illustrated in <figref idref="DRAWINGS">FIGS. 1</figref>, <b>2</b> and <b>3</b>A-<b>3</b>C. Several important properties of such a harmonic drive assembly includes small size, moderate weight, high efficiency, zero backlash, and high torque.</p>
<p id="p-0004" num="0003"><figref idref="DRAWINGS">FIGS. 1</figref>, <b>2</b> and <b>3</b>A-<b>3</b>C illustrate a conventional harmonic drive assembly <b>10</b> which includes three major components: a circular spline <b>12</b>; a flex spline <b>14</b>; and a wave generator <b>16</b>. The circular spline <b>12</b> is a rigid circular structure with a set of gear teeth <b>18</b> disposed along the inside diameter of the circular spline <b>12</b>. The flex spline <b>14</b> is a cup-shaped structure with a set of gear teeth <b>20</b> around an upper outside surface <b>22</b> of the flex spline <b>14</b>. As shown in <figref idref="DRAWINGS">FIG. 2</figref>, the flex spline <b>14</b> further includes a tube <b>24</b>, a diaphragm <b>26</b> and a flange <b>28</b>. The wave generator <b>16</b> is an elliptical ball bearing assembly having a plurality of ball bearings <b>30</b>, a hub <b>32</b>, a plug <b>34</b> and an Oldham coupling <b>36</b>. The flex spline <b>14</b> is positioned coaxially inside of the circular spline <b>12</b>, which has a larger inside diameter than the outside diameter of the flex spline <b>14</b>. The circular spline <b>12</b> has two more gear teeth <b>18</b> relative to the quantity of gear teeth <b>20</b> of the flex spline <b>14</b>.</p>
<p id="p-0005" num="0004">The elliptical wave generator <b>16</b> is also positioned on a common axis <b>38</b> with the circular spline <b>12</b> and the flex spline <b>14</b>. The wave generator <b>16</b> fits inside the flex spline <b>14</b> and has a major axis width <b>40</b> (<figref idref="DRAWINGS">FIGS. 3A-3C</figref>) sufficient to deflect an upper edge <b>42</b> and a lower edge <b>44</b> of the flex spline <b>14</b> outward, causing the outside gear teeth <b>20</b> of the flex spline <b>14</b> to engage the inside gear teeth <b>18</b> of the circular spline <b>12</b> at two diametrically opposite contact points <b>46</b>, <b>48</b>. The wave generator <b>16</b> is typically driven by an electric motor, not shown. Rotation of the wave generator <b>16</b> causes simultaneous rotation of the flex spline <b>14</b> and the engaged circular spline <b>12</b> via the engaged gear teeth <b>18</b>, <b>20</b>. Although, the flex spline <b>14</b> and the wave generator <b>16</b> rotate at different speeds relative to one another. The difference between the quantity of the inside gear teeth <b>18</b> of the circular spline <b>12</b> relative to the outside gear teeth <b>20</b> of the flex spline <b>14</b> causes a rotational displacement between the circular spline <b>12</b> and the flex spline <b>14</b>. In general, for a circular spline <b>12</b> that has N inner gear teeth <b>18</b>, the wave generator <b>16</b> needs to rotate N/2 times to cause one complete rotation of the flex spline <b>14</b>. Thus, the conventional harmonic drive assembly <b>10</b> provides a speed reduction of N/2 from the wave generator <b>16</b> to the flex spline <b>14</b>. Such a reduction in speed induces a corresponding increase in torque within the harmonic drive assembly <b>10</b>.</p>
<p id="p-0006" num="0005">The core principle of operation of the conventional harmonic drive assembly <b>10</b> derives from the deformed cylindrical geometry of the flex spline <b>14</b>, not from the engagement of the inside gear teeth <b>18</b> of the circular spline <b>12</b> with the outside gear teeth <b>20</b> of the flex spline <b>14</b>. The engagement of the gear teeth <b>18</b>, <b>20</b> only serves to prevent slippage to prolong the life span of the harmonic drive assembly <b>10</b> and to provide more efficient operation. The degree of deflection in the flex spine <b>14</b> as illustrated in <figref idref="DRAWINGS">FIGS. 3A-3C</figref> is exaggerated to demonstrate the operation of the harmonic drive assembly <b>10</b>. The actual deflection is much smaller than shown and is well within the material fatigue limits for infinite service life. As shown in <figref idref="DRAWINGS">FIG. 3A</figref>, the elliptical wave generator <b>16</b> deflects the upper edge <b>42</b> of the flex spline <b>14</b> such that the outside gear teeth <b>20</b> of the flex spline <b>14</b> engage the inside gear teeth <b>18</b> of the circular spline <b>12</b> along the major axis <b>40</b> at the diametrically opposed contact points <b>46</b>, <b>48</b>. The inside gear teeth <b>18</b> of the circular spline <b>12</b> are fully disengaged from the outside gear teeth <b>20</b> of the flex spline <b>14</b> along a minor axis <b>50</b>. Most of the relative motion between the inside gear teeth <b>18</b> and the outside gear teeth <b>20</b> occurs along the minor axis <b>50</b>. The rigid circular spline <b>12</b> is commonly rotationally fixed. <figref idref="DRAWINGS">FIGS. 3B and 3C</figref> illustrate rotation of the wave generator <b>16</b> by ninety and one hundred eighty degrees, respectively. An example of a conventional harmonic drive assembly is illustrated in U.S. Pat. No. 2,906,143 to Musser.</p>
<p id="p-0007" num="0006">The primary failure mechanism of the conventional harmonic drive assembly <b>10</b> derives from the rigidity of the circular spline <b>12</b>, which, under heavy load, deforms enough to allow gear tooth slippage. Slippage also increases the risk of backlash. Gear slippage is therefore often destructive to the gear teeth <b>18</b>, <b>20</b>. This problem has been addressed by increasing the thickness of the circular spline <b>12</b>. Consequently, and undesirably, increased thickness significantly increases the weight and size of the entire harmonic drive assembly <b>10</b>. Additionally, increased thickness increases the cost of the components, which are already expensive to fabricate. These additional costs significantly increase the manufacturing cost of the entire robotic arm assembly.</p>
<p id="p-0008" num="0007">Accordingly, there is a need for a harmonic drive assembly that significantly improves on the prior art described above. Such a harmonic drive assembly should improve on properties that include, without limitation, small size, moderate weight, high efficiency, zero backlash, high torque and the like. Such a harmonic drive assembly should include an inner spline with outside gear teeth and an outer spline with inside gear teeth that are engaged by a rotational wave generator having multiple roller bearings for deflecting the splines together. Accordingly, such a harmonic drive assembly can be smaller in size, have decreased weight, have an increased efficiency, include zero backlash, and be capable of receiving higher torques without risk of failure. The present invention fulfills these needs and provides other related advantages.</p>
<heading id="h-0002" level="1">SUMMARY OF THE INVENTION</heading>
<p id="p-0009" num="0008">The present invention for a robotic harmonic flex-drive includes an outer generally cylindrical spline having a plurality of inner gear teeth and an inner generally cylindrical spline having a plurality of outer diameter gear teeth concentric to the outer spline. The robotic harmonic flex-drive also includes a wave generator having a pair of rollers disposed adjacent to an outer surface of the outer spline and an inner surface of the inner spline. The rollers of the wave generator deform the outer and inner splines into ellipses whereby the inner diameter gear teeth of the outer spline engage the outer diameter gear teeth of the inner spline. Accordingly, the inner diameter gear teeth contact the outer diameter gear teeth along a major axis of the deformed outer and inner splines at a pair of diametrically opposed points. The inner diameter gear teeth and the outer diameter gear teeth are disengaged along a minor axis of the deformed outer and inner splines.</p>
<p id="p-0010" num="0009">The robotic harmonic flex-drive of the present invention further includes a motor for rotating the wave generator about the circumferences of the outer and inner splines. The inner spline rotates at an angular speed relative to the rotational angular speed of the wave generator. The outer spline may be stationary. The quantity of outer diameter gear teeth relative to the quantity of inner diameter gear teeth determines the angular rotational speed of the inner spline relative to the angular rotational speed of the wave generator. When the quantity of outer diameter gear teeth outnumber the quantity of inner diameter gear teeth, the angular rotational speed of the inner spline is relatively slower than the angular rotational speed of the wave generator. The wave generator may further include a second pair of rollers disposed adjacent to an outer surface of the outer spline and an inner surface of the inner spline to further facilitate engagement of the inner diameter gear teeth with the outer diameter gear teeth.</p>
<p id="p-0011" num="0010">Other features and advantages of the present invention will become apparent from the following more detailed description, when taken in connection with the accompanying drawings, which illustrate, by way of example, the principles of the invention.</p>
<?BRFSUM description="Brief Summary" end="tail"?>
<?brief-description-of-drawings description="Brief Description of Drawings" end="lead"?>
<description-of-drawings>
<heading id="h-0003" level="1">BRIEF DESCRIPTION OF THE DRAWINGS</heading>
<p id="p-0012" num="0011">The accompanying drawings illustrate the invention. In such drawings:</p>
<p id="p-0013" num="0012"><figref idref="DRAWINGS">FIG. 1</figref> is an exploded perspective view of a conventional harmonic drive assembly;</p>
<p id="p-0014" num="0013"><figref idref="DRAWINGS">FIG. 2</figref> is a cross-sectional view of the conventional drive assembly of <figref idref="DRAWINGS">FIG. 1</figref> when assembled, taken along the line <b>2</b>-<b>2</b>;</p>
<p id="p-0015" num="0014"><figref idref="DRAWINGS">FIGS. 3A-3C</figref> illustrate movement of the wave generator and flex spline relative to the stationary circular spline;</p>
<p id="p-0016" num="0015"><figref idref="DRAWINGS">FIG. 4</figref> is an exploded perspective view of the robotic harmonic flex-drive of the present invention;</p>
<p id="p-0017" num="0016"><figref idref="DRAWINGS">FIG. 5</figref> is a perspective view of the robotic harmonic flex-drive of <figref idref="DRAWINGS">FIG. 4</figref>, illustrating assembly of the outer spline, inner spline and wave generator;</p>
<p id="p-0018" num="0017"><figref idref="DRAWINGS">FIG. 6</figref> is a cross-sectional view of the robotic harmonic flex-drive of <figref idref="DRAWINGS">FIG. 5</figref>, taken along the line <b>6</b>-<b>6</b>;</p>
<p id="p-0019" num="0018"><figref idref="DRAWINGS">FIG. 7A</figref> is a schematic view of the robotic harmonic flex-drive of the present invention, illustrating rotational movement of the wave generator;</p>
<p id="p-0020" num="0019"><figref idref="DRAWINGS">FIG. 7B</figref> is a similar schematic view of <figref idref="DRAWINGS">FIG. 7A</figref>, illustrating 90&#xb0; clockwise rotation of the wave generator;</p>
<p id="p-0021" num="0020"><figref idref="DRAWINGS">FIG. 7C</figref> is a similar schematic view of <figref idref="DRAWINGS">FIG. 7A</figref>, illustrating 180&#xb0; clockwise rotation of the wave generator;</p>
<p id="p-0022" num="0021"><figref idref="DRAWINGS">FIG. 8A</figref> is a graph illustrating relative positioning of the diameters of the outer spline relative to the inner spline;</p>
<p id="p-0023" num="0022"><figref idref="DRAWINGS">FIG. 8B</figref> is a graph illustrating arc segment lengths of the outer spline and the inner spline;</p>
<p id="p-0024" num="0023"><figref idref="DRAWINGS">FIG. 8C</figref> is a graph illustrating total arc lengths of the outer spline and the inner spline;</p>
<p id="p-0025" num="0024"><figref idref="DRAWINGS">FIG. 8D</figref> is a graph illustrating the x coordinates for the outer spline and the inner spline for a predetermined arc length;</p>
<p id="p-0026" num="0025"><figref idref="DRAWINGS">FIG. 8E</figref> is a graph illustrating the y coordinate for a given arc length;</p>
<p id="p-0027" num="0026"><figref idref="DRAWINGS">FIG. 8F</figref> is a graph illustrating the x coordinate and y coordinate component of the relative pitch points of the outer spline and the inner spline;</p>
<p id="p-0028" num="0027"><figref idref="DRAWINGS">FIG. 8G</figref> is a graph illustrating the x and y components of the vector mid point between the pitch of the outer spline and the inner spline; and</p>
<p id="p-0029" num="0028"><figref idref="DRAWINGS">FIG. 8H</figref> is a graph illustrating the curve of desired tooth profile.</p>
</description-of-drawings>
<?brief-description-of-drawings description="Brief Description of Drawings" end="tail"?>
<?DETDESC description="Detailed Description" end="lead"?>
<heading id="h-0004" level="1">DETAILED DESCRIPTION OF THE PREFERRED EMBODIMENTS</heading>
<p id="p-0030" num="0029">As shown in the drawings for purpose of illustration, the present invention resides in a robotic harmonic flex-drive assembly and is referred to generally by the reference number <b>52</b>. Turning now to the representative figures in the specification, <figref idref="DRAWINGS">FIG. 4</figref> illustrates the robotic harmonic flex-drive assembly <b>52</b> having an inner spline <b>56</b>, an outer spline <b>54</b> and a wave generator <b>58</b>. This robotic harmonic flex-drive assembly <b>52</b> is particularly advantageous over the prior art for properties that include, without limitation, size, weight, efficiency, backlash, and torque. In particular, the robotic harmonic flex-drive assembly <b>52</b> of the present invention is smaller in size, lighter, more efficient, has zero backlash and is capable of withstanding and operating at higher torques than the conventional harmonic drive assembly <b>10</b> previously described.</p>
<p id="p-0031" num="0030">The robotic harmonic flex-drive assembly <b>52</b> consists of a mechanical interaction of the wave generator <b>58</b> with the inner spline <b>56</b> and the outer spline <b>54</b>. In particular, the outer spline <b>54</b> includes a plurality of inner gear teeth <b>60</b> and the inner spline <b>56</b> includes a plurality of outer gear teeth <b>62</b>. Both the inner spline <b>56</b> and the outer spline <b>54</b> are substantially rigid and cylindrical as shown in <figref idref="DRAWINGS">FIG. 4</figref>. But, the wave generator <b>58</b> is capable of deforming the inner spline <b>56</b> and the outer spline <b>54</b> to ensure engagement of the inner gear teeth <b>60</b> with the outer gear teeth <b>62</b>, as described below. The wave generator <b>58</b> itself includes a pair of pinchers <b>64</b>, each including a pair of rollers <b>66</b>. The pinchers <b>64</b> deflect the outer spline <b>54</b> inward toward the inner spline <b>56</b> and stretch the inner spline <b>56</b> outward toward the outer spline <b>54</b> between each of the pair of rollers <b>66</b>. A bar <b>68</b> provides a base attachment for each of the rollers <b>66</b> and a drive shaft <b>70</b> that is mechanically coupled to a motor or other drive unit (not shown). As shown in <figref idref="DRAWINGS">FIG. 4</figref>, the inner spline <b>56</b> and the outer spline <b>54</b> are positioned coaxially and concentric along with the center of the drive shaft <b>70</b> of the wave generator <b>58</b> along an axis <b>72</b>.</p>
<p id="p-0032" num="0031"><figref idref="DRAWINGS">FIG. 5</figref> illustrates the robotic harmonic flex-drive assembly <b>52</b> in an operable configuration. As shown, the inner spline <b>56</b> and the corresponding outer gear teeth <b>62</b> are located concentric along the axis <b>72</b> within the interior of the outer spline <b>54</b> and the corresponding inner gear teeth <b>60</b>. Each one of the pair of rollers <b>66</b> pinch the corresponding outer spline <b>54</b> toward the inner spline <b>56</b> and the inner spline <b>56</b> toward the outer spline <b>54</b> along the length of the wave generator <b>58</b>. The cross-sectional view of <figref idref="DRAWINGS">FIG. 6</figref> best illustrates the function of the rollers <b>66</b>. As shown, the pair of rollers <b>66</b> are spaced to receive the inner spline <b>56</b> and the outer spline <b>54</b>, as deflected toward one another, to allow rotational engagement of the inner gear teeth <b>60</b> with the outer gear teeth <b>62</b> at a pair of diametrically opposed points <b>74</b>, <b>76</b>. Unlike the conventional harmonic drive assembly <b>10</b> as previously discussed, the outer spline <b>54</b> is not rigid like the circular spline <b>12</b>. Instead, both the inner spline <b>56</b> and the outer spline <b>54</b> deflect toward one another as the wave generator <b>58</b> rotates about the circumference of both the inner spline <b>56</b> and the outer spline <b>54</b>. Both the inner spline <b>56</b> and the outer spline <b>54</b> deform approximately the same distance. This deflection causes the inner spline <b>56</b> and the outer spline <b>54</b> to take on an elliptical shape. The inner spline <b>56</b> and outer spline <b>54</b> deflect accordingly as the drive shaft <b>70</b> rotates the wave generator <b>58</b> about the circumference of the inner spline <b>56</b> and the outer spline <b>54</b>.</p>
<p id="p-0033" num="0032">As compared to the conventional harmonic drive assembly <b>10</b>, the present invention for the robotic harmonic flex-drive assembly <b>52</b> contains several advantages. Pinching the outer spline <b>54</b> to the inner spline <b>56</b> with the rollers <b>66</b> provides equivalent speed reduction and torque displacement performance as the conventional harmonic drive assembly <b>10</b>. But, there is a significant reduction in the magnitude of deflection with both the inner spline <b>56</b> and the outer spline <b>54</b>. The rigid circular spline <b>12</b> of the conventional harmonic drive assembly <b>10</b> must maintain a circular shape to ensure proper gear tooth engagement. Small deformation of the rigid circular spline <b>12</b> can occur under large loads which, in turn causes slippage because the inside gear teeth <b>18</b> and the outside gear teeth <b>20</b> are small and have low profiles. The robotic harmonic flex-drive assembly <b>52</b> of the present invention addresses this problem by pinching the outer spline <b>54</b> to the inner spline <b>56</b> with the wave generator <b>58</b>, a structure that does not need to be rigid over an extended distance. Accordingly, the pair of rollers <b>66</b> only transmits this deformation force over a few millimeters so that the amount of material required to convey these forces is much smaller. In addition, both the inner spline <b>56</b> and the outer spline <b>54</b> deflect toward one another. This significantly decreases the deflection magnitude of the inner spline <b>56</b>. For manufacturing purposes, this significantly reduces the weight and increases the strength of an ultimately lighter and stronger robotic harmonic flex-drive assembly <b>52</b>. Moreover, backlash is eliminated as the rollers <b>66</b> prevent disengagement between the inner gear teeth <b>60</b> and the outer gear teeth <b>62</b> at the diametrically opposed engagement points <b>74</b>, <b>76</b>. No longer does engagement rely on the strength of the materials and the corresponding gear teeth <b>18</b>, <b>20</b>, but rather the ability of the rollers <b>66</b> to pinch the inner spline <b>56</b> and the outer spline <b>54</b>. The inner gear teeth <b>60</b> and the outer gear teeth <b>62</b> of the inner spline <b>56</b> and the outer spline <b>54</b>, respectively, merely provide the proper reduction ratio between the angular velocities of the inner spline <b>56</b> and the wave generator <b>58</b>. In an alternative embodiment, the rollers <b>66</b> may be replaced by a low friction (e.g. TEFLON) fork used to deflect the outer spline <b>54</b> toward the inner spline <b>56</b>.</p>
<p id="p-0034" num="0033">Another advantage of the robotic harmonic flex-drive assembly <b>52</b> of the present invention includes the ability to transmit higher torque to supporting structures. Since the wave generator <b>58</b> pinches the outer spline <b>54</b> to the inner spline <b>56</b>, the deflection of either the inner spline <b>56</b> or the outer spline <b>54</b> is substantially smaller. Less deformation relative to the overall cylindrical shape of either the inner spline <b>56</b> or the outer spline <b>54</b> increases the ability of these components to transmit torque payload without risk of failure. Accordingly, the increase in strength allows the robotic harmonic flex-drive assembly <b>52</b> to transmit much higher forces within the plane of inner gear teeth <b>60</b> and the outer gear teeth <b>62</b>.</p>
<p id="p-0035" num="0034">The robotic harmonic flex-drive assembly <b>52</b> of the present invention may utilize a single bearing, x-type bearing (i.e. four-contact point bearing) or other like bearings, including an A-type or angle contact bearing.</p>
<p id="p-0036" num="0035">The robotic harmonic flex-drive assembly <b>52</b> of the present invention is a speed reduction mechanism that includes the inner spline <b>56</b> located coaxially within the outer spline <b>54</b>. The splines <b>54</b>, <b>56</b> are deflected into one another at the two diametrically opposed engagement points <b>74</b>, <b>76</b>, as best shown in <figref idref="DRAWINGS">FIGS. 7A-7C</figref>. The diametrically opposed engagement points <b>74</b>, <b>76</b> are created by the rollers <b>66</b> on opposite ends of the wave generator bar <b>68</b>. The inner gear teeth <b>60</b> of the outer spline <b>54</b> engage the outer gear teeth <b>62</b> of the inner spline <b>56</b> along a major axis <b>78</b> and are completely disengaged from one another along a minor axis <b>80</b>. A drive motor (not shown) rotates the wave generator <b>58</b> counter-clockwise about the circumference of the inner spline <b>56</b> and the outer spline <b>54</b> as shown in the embodiments in <figref idref="DRAWINGS">FIGS. 7A-7C</figref>. The rollers <b>66</b> maintain the major axis <b>78</b> along the length of the bar <b>68</b> of the wave generator <b>58</b> during the rotational movement around the circumference of the inner spline <b>56</b> and the outer spline <b>54</b>. Hence, different sections of the inner spline <b>56</b> and the outer spline <b>54</b> deform during the rotational movement of the wave generator <b>58</b> as driven by a motor via the drive shaft <b>70</b>.</p>
<p id="p-0037" num="0036">The change in the angular velocity of the wave generator <b>58</b> relative to the inner spline <b>56</b> results from the difference in the quantity of the inner gear teeth <b>60</b> relative to the quantity of the outer gear teeth <b>62</b>. The gear ratio of the angular velocities is expressed in Equation 1 below and is commonly known as a reduction ratio because the angular velocity of the inner spline <b>56</b> is less than the angular velocity of the wave generator <b>58</b>. In Equation 1, n represents the quantity of outer gear teeth <b>62</b> divided by the difference between the quantity of outer gear teeth <b>62</b> and the quantity of inner gear teeth <b>60</b>.</p>
<p id="p-0038" num="0037">
<maths id="MATH-US-00001" num="00001">
<math overflow="scroll">
<mtable>
  <mtr>
    <mtd>
      <mrow>
        <mi>n</mi>
        <mo>=</mo>
        <mfrac>
          <mrow>
            <mo>(</mo>
            <mrow>
              <mi>Number</mi>
              <mo>&#x2062;</mo>
              <mstyle>
                <mspace width="0.8em" height="0.8ex"/>
              </mstyle>
              <mo>&#x2062;</mo>
              <mi>of</mi>
              <mo>&#x2062;</mo>
              <mstyle>
                <mspace width="0.8em" height="0.8ex"/>
              </mstyle>
              <mo>&#x2062;</mo>
              <mi>outer</mi>
              <mo>&#x2062;</mo>
              <mstyle>
                <mspace width="0.8em" height="0.8ex"/>
              </mstyle>
              <mo>&#x2062;</mo>
              <mi>gear</mi>
              <mo>&#x2062;</mo>
              <mstyle>
                <mspace width="0.8em" height="0.8ex"/>
              </mstyle>
              <mo>&#x2062;</mo>
              <mi>teeth</mi>
            </mrow>
            <mo>)</mo>
          </mrow>
          <mrow>
            <mo>(</mo>
            <mtable>
              <mtr>
                <mtd>
                  <mrow>
                    <mrow>
                      <mi>Number</mi>
                      <mo>&#x2062;</mo>
                      <mstyle>
                        <mspace width="0.8em" height="0.8ex"/>
                      </mstyle>
                      <mo>&#x2062;</mo>
                      <mi>of</mi>
                      <mo>&#x2062;</mo>
                      <mstyle>
                        <mspace width="0.8em" height="0.8ex"/>
                      </mstyle>
                      <mo>&#x2062;</mo>
                      <mi>outer</mi>
                      <mo>&#x2062;</mo>
                      <mstyle>
                        <mspace width="0.8em" height="0.8ex"/>
                      </mstyle>
                      <mo>&#x2062;</mo>
                      <mi>gear</mi>
                      <mo>&#x2062;</mo>
                      <mstyle>
                        <mspace width="0.8em" height="0.8ex"/>
                      </mstyle>
                      <mo>&#x2062;</mo>
                      <mi>teeth</mi>
                    </mrow>
                    <mo>-</mo>
                  </mrow>
                </mtd>
              </mtr>
              <mtr>
                <mtd>
                  <mrow>
                    <mi>Number</mi>
                    <mo>&#x2062;</mo>
                    <mstyle>
                      <mspace width="0.8em" height="0.8ex"/>
                    </mstyle>
                    <mo>&#x2062;</mo>
                    <mi>of</mi>
                    <mo>&#x2062;</mo>
                    <mstyle>
                      <mspace width="0.8em" height="0.8ex"/>
                    </mstyle>
                    <mo>&#x2062;</mo>
                    <mi>inner</mi>
                    <mo>&#x2062;</mo>
                    <mstyle>
                      <mspace width="0.8em" height="0.8ex"/>
                    </mstyle>
                    <mo>&#x2062;</mo>
                    <mi>gear</mi>
                    <mo>&#x2062;</mo>
                    <mstyle>
                      <mspace width="0.8em" height="0.8ex"/>
                    </mstyle>
                    <mo>&#x2062;</mo>
                    <mi>teeth</mi>
                  </mrow>
                </mtd>
              </mtr>
            </mtable>
            <mo>)</mo>
          </mrow>
        </mfrac>
      </mrow>
    </mtd>
    <mtd>
      <mrow>
        <mo>(</mo>
        <mrow>
          <mi>Equation</mi>
          <mo>&#x2062;</mo>
          <mstyle>
            <mspace width="1.1em" height="1.1ex"/>
          </mstyle>
          <mo>&#x2062;</mo>
          <mn>1</mn>
        </mrow>
        <mo>)</mo>
      </mrow>
    </mtd>
  </mtr>
</mtable>
</math>
</maths>
<br/>
In a preferred embodiment, the inner spline <b>56</b> has two fewer outer gear teeth <b>62</b> relative to the quantity of inner gear teeth <b>60</b> of the outer spline <b>54</b>. For a preferred robotic harmonic flex-drive assembly <b>52</b> that has 100 outer gear teeth <b>62</b> on the inner spline <b>56</b>, the outer spline <b>54</b> would have 102 inner gear teeth <b>60</b>. Accordingly, the gear ratio is (100/(100&#x2212;102))=&#x2212;50. The fact that the gear ratio is negative indicates that the rotation of the inner spline <b>56</b> is opposite that of the rotation of the wave generator <b>58</b>. A positive number indicates that the inner spline <b>56</b> rotates in the same direction as the wave generator <b>58</b>.
</p>
<p id="p-0039" num="0038">Selection of an optimal gear tooth profile is necessary to provide smooth and efficient operation, maximum torque transmission capability, maintain a uniform elliptical shape of both the inner spline <b>56</b> and the outer spline <b>54</b> and eliminate any unwanted vibrational modes of the robotic harmonic flex-drive assembly <b>52</b>. As shown in the detailed mathematical model below, the ideal tooth shape for the above-described robotic harmonic flex-drive assembly <b>52</b> does not look anything like the tooth profile used for typical spur or helical gears. The correct tooth shape is important for holding the outer spline <b>54</b> relative to the inner spline <b>56</b> in an optimal elliptical shape to prevent any undesirable deformations or waves. If the tooth face slope angle is not equal to or greater than the ideal shape, then the robotic harmonic flex-drive assembly <b>52</b> will not move. Optimal gear tooth profile will also provide an envelope, below which the gear teeth <b>60</b>, <b>62</b> must be cut during manufacture to prevent the robotic harmonic flex-drive assembly <b>52</b> from locking up such that the wave generator <b>58</b> cannot turn. The optimal gear tooth profile is determined by measuring the motion of a point <b>82</b> (<figref idref="DRAWINGS">FIGS. 7A-7C</figref>) on the outer pitch line of the outer spline <b>54</b> relative to a corresponding reference point <b>84</b> (<figref idref="DRAWINGS">FIGS. 7A-7C</figref>) on the inner pitch line of the inner spline <b>56</b>, as the diametrically opposed engagement points <b>74</b>, <b>76</b> rotate about the circumference of the inner spline <b>56</b> and the outer spline <b>54</b>. The motion of the point <b>82</b> is expressed in a Cartesian reference frame that is fixed to the inner pitch line with an origin at the inner reference point <b>84</b>. The desired tooth profile above the pitch line is the locus of a point midway between the two points <b>82</b>, <b>84</b>. A similar model may be developed below the pitch line, if desired.</p>
<p id="p-0040" num="0039">A computational procedure must be generated to create a profile with any desired accuracy since a closed form solution for the profile is not practical. A simplifying approximation is made in that the motion of the point <b>82</b> rotates in unison with the reference point <b>84</b> within the Cartesian reference frame. This approximation allows use of the same curve for both the inner and outer surfaces of the inner spline <b>56</b> and the outer spline <b>54</b>, respectively. Ideally, a distinct analysis of the outer gear teeth <b>62</b> profile is determined in a Cartesian reference frame that is fixed to the outer pitch line with the origin at point <b>82</b>. But, the two curves are nearly identical for the configuration parameters considered herein.</p>
<p id="p-0041" num="0040">To apply the computational procedure, two system parameters must first be defined with respect to the drive radius of the pitch line at a point of engagement (r) and the gear ratio (n) of angular velocities between the inner spline <b>56</b> and the wave generator <b>58</b> (reduction ratio)&#x2014;assuming a fixed inner spline <b>56</b>. An example drive radius of 1.52 centimeters (cm) is used for the illustrative computation herein. To simplify the calculation, a positive reduction ratio of n=50, as similarly calculated earlier, is used for the reduction ratio. Each of these parameters are highlighted in Equations 2 and 3 below.
<br/>
<?in-line-formulae description="In-line Formulae" end="lead"?>r=1.52 cm&#x2003;&#x2003;(Equation 2)<?in-line-formulae description="In-line Formulae" end="tail"?>
<br/>
<?in-line-formulae description="In-line Formulae" end="lead"?>n=50&#x2003;&#x2003;(Equation 3)<?in-line-formulae description="In-line Formulae" end="tail"?>
</p>
<p id="p-0042" num="0041">For the given values of r and n in Equations 2 and 3, respectively, the pitch radius of the inside sleeve (r<sub>i</sub>), the pitch radius of the outside sleeve (r<sub>o</sub>), the deflection (d) required for engagement between the inner gear teeth <b>60</b> of the outer spline <b>54</b> with the outer gear teeth <b>62</b> of the inner spline <b>56</b> and the gear tooth pitch (p) are represented in Equations 4-7, respectively.</p>
<p id="p-0043" num="0042">
<maths id="MATH-US-00002" num="00002">
<math overflow="scroll">
<mtable>
  <mtr>
    <mtd>
      <mrow>
        <msub>
          <mi>r</mi>
          <mi>i</mi>
        </msub>
        <mo>=</mo>
        <mrow>
          <mfrac>
            <mrow>
              <mn>2</mn>
              <mo>&#x2062;</mo>
              <mi>rn</mi>
            </mrow>
            <mrow>
              <mo>(</mo>
              <mrow>
                <mrow>
                  <mn>2</mn>
                  <mo>&#x2062;</mo>
                  <mi>n</mi>
                </mrow>
                <mo>+</mo>
                <mn>1</mn>
              </mrow>
              <mo>)</mo>
            </mrow>
          </mfrac>
          <mo>=</mo>
          <mn>1.505</mn>
        </mrow>
      </mrow>
    </mtd>
    <mtd>
      <mrow>
        <mo>(</mo>
        <mrow>
          <mi>Equation</mi>
          <mo>&#x2062;</mo>
          <mstyle>
            <mspace width="1.1em" height="1.1ex"/>
          </mstyle>
          <mo>&#x2062;</mo>
          <mn>4</mn>
        </mrow>
        <mo>)</mo>
      </mrow>
    </mtd>
  </mtr>
  <mtr>
    <mtd>
      <mrow>
        <msub>
          <mi>r</mi>
          <mi>o</mi>
        </msub>
        <mo>=</mo>
        <mrow>
          <mfrac>
            <mrow>
              <mn>2</mn>
              <mo>&#x2062;</mo>
              <mrow>
                <mi>r</mi>
                <mo>&#x2061;</mo>
                <mrow>
                  <mo>(</mo>
                  <mrow>
                    <mi>n</mi>
                    <mo>+</mo>
                    <mn>1</mn>
                  </mrow>
                  <mo>)</mo>
                </mrow>
              </mrow>
            </mrow>
            <mrow>
              <mo>(</mo>
              <mrow>
                <mrow>
                  <mn>2</mn>
                  <mo>&#x2062;</mo>
                  <mi>n</mi>
                </mrow>
                <mo>+</mo>
                <mn>1</mn>
              </mrow>
              <mo>)</mo>
            </mrow>
          </mfrac>
          <mo>=</mo>
          <mn>1.535</mn>
        </mrow>
      </mrow>
    </mtd>
    <mtd>
      <mrow>
        <mo>(</mo>
        <mrow>
          <mi>Equation</mi>
          <mo>&#x2062;</mo>
          <mstyle>
            <mspace width="1.1em" height="1.1ex"/>
          </mstyle>
          <mo>&#x2062;</mo>
          <mn>5</mn>
        </mrow>
        <mo>)</mo>
      </mrow>
    </mtd>
  </mtr>
  <mtr>
    <mtd>
      <mrow>
        <mi>d</mi>
        <mo>=</mo>
        <mrow>
          <mfrac>
            <mi>r</mi>
            <mrow>
              <mo>(</mo>
              <mrow>
                <mrow>
                  <mn>2</mn>
                  <mo>&#x2062;</mo>
                  <mi>n</mi>
                </mrow>
                <mo>+</mo>
                <mn>1</mn>
              </mrow>
              <mo>)</mo>
            </mrow>
          </mfrac>
          <mo>=</mo>
          <mn>0.015</mn>
        </mrow>
      </mrow>
    </mtd>
    <mtd>
      <mrow>
        <mo>(</mo>
        <mrow>
          <mi>Equation</mi>
          <mo>&#x2062;</mo>
          <mstyle>
            <mspace width="1.1em" height="1.1ex"/>
          </mstyle>
          <mo>&#x2062;</mo>
          <mn>6</mn>
        </mrow>
        <mo>)</mo>
      </mrow>
    </mtd>
  </mtr>
  <mtr>
    <mtd>
      <mrow>
        <mi>p</mi>
        <mo>=</mo>
        <mrow>
          <mfrac>
            <mrow>
              <mn>2</mn>
              <mo>&#x2062;</mo>
              <mi>&#x3c0;</mi>
              <mo>&#x2062;</mo>
              <mstyle>
                <mspace width="0.3em" height="0.3ex"/>
              </mstyle>
              <mo>&#x2062;</mo>
              <mi>r</mi>
            </mrow>
            <mrow>
              <mo>(</mo>
              <mrow>
                <mrow>
                  <mn>2</mn>
                  <mo>&#x2062;</mo>
                  <mi>n</mi>
                </mrow>
                <mo>+</mo>
                <mn>1</mn>
              </mrow>
              <mo>)</mo>
            </mrow>
          </mfrac>
          <mo>=</mo>
          <mn>0.0946</mn>
        </mrow>
      </mrow>
    </mtd>
    <mtd>
      <mrow>
        <mo>(</mo>
        <mrow>
          <mi>Equation</mi>
          <mo>&#x2062;</mo>
          <mstyle>
            <mspace width="1.1em" height="1.1ex"/>
          </mstyle>
          <mo>&#x2062;</mo>
          <mn>7</mn>
        </mrow>
        <mo>)</mo>
      </mrow>
    </mtd>
  </mtr>
</mtable>
</math>
</maths>
</p>
<p id="p-0044" num="0043">The pitch lines of the inner spline <b>56</b> and the outer spline <b>54</b> are deformed into uniform ellipses by the wave generator <b>58</b>. The points of engagement lie along the major axis <b>78</b> at the diametrically opposed engagement points <b>74</b>, <b>76</b> on the outside of the inner spline <b>56</b> and the inside of the outer spline <b>54</b>. The relative movement of the point <b>82</b> relative to the reference point <b>84</b> (<figref idref="DRAWINGS">FIGS. 7A-7C</figref>) is equivalent to holding the inner spline <b>56</b> and the outer spline <b>54</b> fixed such that the point <b>82</b> moves away from the reference point <b>84</b> along equal arc lines. Equations 8 and 9 represent the movement of the inner gear teeth <b>60</b> of the outer spline <b>54</b> away from the outer gear teeth <b>62</b> of the inner spline <b>56</b>, respectively. <figref idref="DRAWINGS">FIG. 8A</figref> illustrates the gear tooth separation between the inner gear teeth <b>60</b> and the outer gear teeth <b>62</b> of Equations 8 and 9. Accordingly, the inner gear teeth <b>60</b> and the outer gear teeth <b>62</b> are engaged at x=0. The inner spline <b>56</b> and the outer spline <b>54</b> elliptical pitch lines are respectively represented by y<sub>i </sub>and y<sub>o</sub>. <figref idref="DRAWINGS">FIG. 8A</figref> shows the two separations along an x-axis grid with an interval d<sub>x</sub>.</p>
<p id="p-0045" num="0044">
<maths id="MATH-US-00003" num="00003">
<math overflow="scroll">
<mtable>
  <mtr>
    <mtd>
      <mrow>
        <mrow>
          <msub>
            <mi>y</mi>
            <mi>i</mi>
          </msub>
          <mo>&#x2061;</mo>
          <mrow>
            <mo>(</mo>
            <mi>x</mi>
            <mo>)</mo>
          </mrow>
        </mrow>
        <mo>=</mo>
        <mrow>
          <mi>r</mi>
          <mo>&#x2062;</mo>
          <msqrt>
            <mrow>
              <mn>1</mn>
              <mo>-</mo>
              <msup>
                <mrow>
                  <mo>(</mo>
                  <mfrac>
                    <mi>x</mi>
                    <mrow>
                      <msub>
                        <mi>r</mi>
                        <mi>i</mi>
                      </msub>
                      <mo>-</mo>
                      <mi>d</mi>
                    </mrow>
                  </mfrac>
                  <mo>)</mo>
                </mrow>
                <mn>2</mn>
              </msup>
            </mrow>
          </msqrt>
        </mrow>
      </mrow>
    </mtd>
    <mtd>
      <mrow>
        <mo>(</mo>
        <mrow>
          <mi>Equation</mi>
          <mo>&#x2062;</mo>
          <mstyle>
            <mspace width="1.1em" height="1.1ex"/>
          </mstyle>
          <mo>&#x2062;</mo>
          <mn>8</mn>
        </mrow>
        <mo>)</mo>
      </mrow>
    </mtd>
  </mtr>
  <mtr>
    <mtd>
      <mrow>
        <mrow>
          <msub>
            <mi>y</mi>
            <mi>o</mi>
          </msub>
          <mo>&#x2061;</mo>
          <mrow>
            <mo>(</mo>
            <mi>x</mi>
            <mo>)</mo>
          </mrow>
        </mrow>
        <mo>=</mo>
        <mrow>
          <mi>r</mi>
          <mo>&#x2062;</mo>
          <msqrt>
            <mrow>
              <mn>1</mn>
              <mo>-</mo>
              <msup>
                <mrow>
                  <mo>(</mo>
                  <mfrac>
                    <mi>x</mi>
                    <mrow>
                      <msub>
                        <mi>r</mi>
                        <mi>o</mi>
                      </msub>
                      <mo>+</mo>
                      <mi>d</mi>
                    </mrow>
                  </mfrac>
                  <mo>)</mo>
                </mrow>
                <mn>2</mn>
              </msup>
            </mrow>
          </msqrt>
        </mrow>
      </mrow>
    </mtd>
    <mtd>
      <mrow>
        <mo>(</mo>
        <mrow>
          <mi>Equation</mi>
          <mo>&#x2062;</mo>
          <mstyle>
            <mspace width="1.1em" height="1.1ex"/>
          </mstyle>
          <mo>&#x2062;</mo>
          <mn>9</mn>
        </mrow>
        <mo>)</mo>
      </mrow>
    </mtd>
  </mtr>
</mtable>
</math>
</maths>
</p>
<p id="p-0046" num="0045">Equations 10 and 11 are functions of the arc length along the inner spline <b>56</b> and the outer spline <b>54</b> ellipses between uniformly spaced points along the x-axis (d<sub>x</sub>) as represented by the functions s<sub>i</sub>(x) and s<sub>o</sub>(x), respectively. Equations 10 and 11 represent a pair of points that are at equal arc lengths away from the initial point where the point <b>82</b> and the reference point <b>84</b> are aligned (<figref idref="DRAWINGS">FIG. 7A</figref>).
<br/>
<?in-line-formulae description="In-line Formulae" end="lead"?><i>s</i><sub>i</sub>(<i>x</i>)=&#x221a;{square root over ((<i>y</i><sub>i</sub>(<i>x+d</i><sub>x</sub>)&#x2212;<i>y</i><sub>i</sub>(<i>x</i>))<sup>2</sup><i>+d</i><sub>x</sub><sup>2</sup>)}{square root over ((<i>y</i><sub>i</sub>(<i>x+d</i><sub>x</sub>)&#x2212;<i>y</i><sub>i</sub>(<i>x</i>))<sup>2</sup><i>+d</i><sub>x</sub><sup>2</sup>)}&#x2003;&#x2003;(Equation 10)<?in-line-formulae description="In-line Formulae" end="tail"?>
<br/>
<?in-line-formulae description="In-line Formulae" end="lead"?><i>s</i><sub>o</sub>(<i>x</i>)=&#x221a;{square root over ((<i>y</i><sub>o</sub>(<i>x+d</i><sub>x</sub>)&#x2212;<i>y</i><sub>o</sub>(<i>x</i>))<sup>2</sup><i>+d</i><sub>x</sub><sup>2</sup>)}{square root over ((<i>y</i><sub>o</sub>(<i>x+d</i><sub>x</sub>)&#x2212;<i>y</i><sub>o</sub>(<i>x</i>))<sup>2</sup><i>+d</i><sub>x</sub><sup>2</sup>)}&#x2003;&#x2003;(Equation 11)<?in-line-formulae description="In-line Formulae" end="tail"?>
</p>
<p id="p-0047" num="0046">Equations 12 and 13 calculate the accumulated arc length along the ellipses of the inner spline <b>56</b> and the outer spline <b>54</b> up to the x-axis points. The integrals for I<sub>i</sub>(x) and I<sub>o</sub>(x), in Equations 12 and 13 respectively, are the cumulative arc lengths to the points along the x-axis as calculated in Equations 10 and 11. As shown in <figref idref="DRAWINGS">FIG. 8B</figref>, the arc length difference between the inner spline <b>56</b> and the outer spline <b>54</b> significantly increases toward the minor axis <b>80</b>. Not surprisingly, the inner gear teeth <b>60</b> of the outer spline <b>54</b> and the outer gear teeth <b>62</b> of the inner spline <b>56</b> are completely disengaged along the minor axis <b>80</b>. The total arc length distance of Equations 12 and 13 is illustrated in <figref idref="DRAWINGS">FIG. 8C</figref>.</p>
<p id="p-0048" num="0047">
<maths id="MATH-US-00004" num="00004">
<math overflow="scroll">
<mtable>
  <mtr>
    <mtd>
      <mrow>
        <mrow>
          <msub>
            <mi>l</mi>
            <mi>i</mi>
          </msub>
          <mo>&#x2061;</mo>
          <mrow>
            <mo>(</mo>
            <mi>x</mi>
            <mo>)</mo>
          </mrow>
        </mrow>
        <mo>=</mo>
        <mrow>
          <msubsup>
            <mo>&#x222b;</mo>
            <mi>o</mi>
            <mi>x</mi>
          </msubsup>
          <mo>&#x2062;</mo>
          <mrow>
            <mfrac>
              <mrow>
                <msub>
                  <mi>s</mi>
                  <mi>i</mi>
                </msub>
                <mo>&#x2061;</mo>
                <mrow>
                  <mo>(</mo>
                  <mi>v</mi>
                  <mo>)</mo>
                </mrow>
              </mrow>
              <mi>dx</mi>
            </mfrac>
            <mo>&#x2062;</mo>
            <mstyle>
              <mspace width="0.2em" height="0.2ex"/>
            </mstyle>
            <mo>&#x2062;</mo>
            <mrow>
              <mo>&#x2146;</mo>
              <mi>v</mi>
            </mrow>
          </mrow>
        </mrow>
      </mrow>
    </mtd>
    <mtd>
      <mrow>
        <mo>(</mo>
        <mrow>
          <mi>Equation</mi>
          <mo>&#x2062;</mo>
          <mstyle>
            <mspace width="1.1em" height="1.1ex"/>
          </mstyle>
          <mo>&#x2062;</mo>
          <mn>12</mn>
        </mrow>
        <mo>)</mo>
      </mrow>
    </mtd>
  </mtr>
  <mtr>
    <mtd>
      <mrow>
        <mrow>
          <msub>
            <mi>l</mi>
            <mi>o</mi>
          </msub>
          <mo>&#x2061;</mo>
          <mrow>
            <mo>(</mo>
            <mi>x</mi>
            <mo>)</mo>
          </mrow>
        </mrow>
        <mo>=</mo>
        <mrow>
          <msubsup>
            <mo>&#x222b;</mo>
            <mi>o</mi>
            <mi>x</mi>
          </msubsup>
          <mo>&#x2062;</mo>
          <mrow>
            <mfrac>
              <mrow>
                <msub>
                  <mi>s</mi>
                  <mi>o</mi>
                </msub>
                <mo>&#x2061;</mo>
                <mrow>
                  <mo>(</mo>
                  <mi>v</mi>
                  <mo>)</mo>
                </mrow>
              </mrow>
              <mi>dx</mi>
            </mfrac>
            <mo>&#x2062;</mo>
            <mstyle>
              <mspace width="0.2em" height="0.2ex"/>
            </mstyle>
            <mo>&#x2062;</mo>
            <mrow>
              <mo>&#x2146;</mo>
              <mi>v</mi>
            </mrow>
          </mrow>
        </mrow>
      </mrow>
    </mtd>
    <mtd>
      <mrow>
        <mo>(</mo>
        <mrow>
          <mi>Equation</mi>
          <mo>&#x2062;</mo>
          <mstyle>
            <mspace width="1.1em" height="1.1ex"/>
          </mstyle>
          <mo>&#x2062;</mo>
          <mn>13</mn>
        </mrow>
        <mo>)</mo>
      </mrow>
    </mtd>
  </mtr>
</mtable>
</math>
</maths>
</p>
<p id="p-0049" num="0048">The pitch lines of the inner spline <b>56</b> (p<sub>i</sub>) and the outer spline <b>54</b> (p<sub>o</sub>) coincide with the diametrically opposed engagement points <b>74</b>, <b>76</b> that lie on the major axis <b>78</b> of the wave generator <b>58</b>. The pitch lines p<sub>i </sub>and p<sub>o </sub>are always at equal arc length distances from the diametrically opposed engagement points <b>74</b>, <b>76</b>. But, the grid points from the calculations above, as shown in <figref idref="DRAWINGS">FIGS. 8B and 8C</figref>, show that there are clearly different arc lengths along the x-axis. Therefore, the arc length L is introduced as an independent variable to precisely locate the point pairs at specific arc lengths along the respective pitch lines p<sub>i </sub>and p<sub>o</sub>. Accordingly, Equations 14 and 15 provide the x-coordinates of points at specified arc lengths along the y<sub>i </sub>and y<sub>o </sub>curves as a function of x<sub>i </sub>and x<sub>o</sub>, respectively. This occurs after solving for the x-coordinates associated with the independent arc length L. The y-coordinates y<sub>i </sub>and y<sub>o </sub>are then readily obtained from x. The functions X<sub>i</sub>(L) and X<sub>o</sub>(L) solve the functions I<sub>i</sub>(x) and I<sub>o</sub>(x) for the x coordinate of a point at arc length L from the point of engagement along the inner and outer ellipses, respectively. <figref idref="DRAWINGS">FIGS. 8D and 8E</figref> illustrate the x-coordinates and the y-coordinates, respectively, of the inner spline <b>56</b> and the outer spline <b>54</b> along arc length L.
<br/>
<?in-line-formulae description="In-line Formulae" end="lead"?><i>X</i><sub>i</sub>(<i>L</i>)=<i>x </i>where <i>l</i><sub>i</sub>(<i>x</i>)=<i>L</i>&#x2003;&#x2003;(Equation 14)<?in-line-formulae description="In-line Formulae" end="tail"?>
<br/>
<?in-line-formulae description="In-line Formulae" end="lead"?><i>X</i><sub>o</sub>(<i>L</i>)=<i>x </i>where <i>l</i><sub>o</sub>(<i>x</i>)=<i>L</i>&#x2003;&#x2003;(Equation 15)<?in-line-formulae description="In-line Formulae" end="tail"?>
<br/>
<?in-line-formulae description="In-line Formulae" end="lead"?><i>Y</i><sub>i</sub>(<i>L</i>)=<i>y</i><sub>i</sub>(<i>X</i><sub>i</sub>(<i>L</i>))&#x2003;&#x2003;(Equation 16)<?in-line-formulae description="In-line Formulae" end="tail"?>
<br/>
<?in-line-formulae description="In-line Formulae" end="lead"?><i>Y</i><sub>o</sub>(<i>L</i>)=<i>y</i><sub>o</sub>(<i>X</i><sub>o</sub>(<i>L</i>))&#x2003;&#x2003;(Equation 17)<?in-line-formulae description="In-line Formulae" end="tail"?>
</p>
<p id="p-0050" num="0049">The coordinates X<sub>i</sub>(L) and Y<sub>i</sub>(L) define the vector location of the point p<sub>i</sub>(L), Equation 18, at arc length L on the inner spline <b>56</b> ellipse and similarly for p<sub>o</sub>(L), Equation 19, on the outer spline <b>54</b> ellipse.
<br/>
<?in-line-formulae description="In-line Formulae" end="lead"?><i>p</i><sub>i</sub>(<i>L</i>)=[<i>X</i><sub>i</sub>(<i>L</i>),<i>Y</i><sub>i</sub>(<i>L</i>)]&#x2003;&#x2003;(Equation 18)<?in-line-formulae description="In-line Formulae" end="tail"?>
<br/>
<?in-line-formulae description="In-line Formulae" end="lead"?><i>p</i><sub>o</sub>(<i>L</i>)=[<i>X</i><sub>o</sub>(<i>L</i>),<i>Y</i><sub>o</sub>(<i>L</i>)]&#x2003;&#x2003;(Equation 19)<?in-line-formulae description="In-line Formulae" end="tail"?>
</p>
<p id="p-0051" num="0050">The vector difference V(L) of Equation 20 defines the motion of p<sub>o</sub>(L) relative to p<sub>i</sub>(L), expressed in a fixed reference frame, as shown in the graph of <figref idref="DRAWINGS">FIG. 8F</figref>.
<br/>
<?in-line-formulae description="In-line Formulae" end="lead"?><i>V</i>(<i>L</i>)=[<i>X</i><sub>i</sub>(<i>L</i>)&#x2212;<i>X</i><sub>i</sub>(<i>L</i>),<i>Y</i><sub>o</sub>(<i>L</i>)&#x2212;<i>Y</i><sub>i</sub>(<i>L</i>)]&#x2003;&#x2003;(Equation 20)<?in-line-formulae description="In-line Formulae" end="tail"?>
</p>
<p id="p-0052" num="0051">Tooth shape determination requires that the vector V(L) be expressed in a reference frame rotating with the tangent to the y<sub>i </sub>curve. The rotation angle &#x3b8;(L) is calculated from X<sub>i</sub>(L) and Y<sub>i</sub>(L) with the differencing technique of Equation 21.</p>
<p id="p-0053" num="0052">
<maths id="MATH-US-00005" num="00005">
<math overflow="scroll">
<mtable>
  <mtr>
    <mtd>
      <mrow>
        <mrow>
          <mi>&#x3b8;</mi>
          <mo>&#x2062;</mo>
          <mstyle>
            <mspace width="0.3em" height="0.3ex"/>
          </mstyle>
          <mo>&#x2062;</mo>
          <mrow>
            <mo>(</mo>
            <mi>L</mi>
            <mo>)</mo>
          </mrow>
        </mrow>
        <mo>=</mo>
        <mrow>
          <mi>arctan</mi>
          <mo>&#x2061;</mo>
          <mrow>
            <mo>(</mo>
            <mfrac>
              <mrow>
                <mrow>
                  <mrow>
                    <msub>
                      <mi>Y</mi>
                      <mi>i</mi>
                    </msub>
                    <mo>&#x2061;</mo>
                    <mrow>
                      <mo>(</mo>
                      <mi>L</mi>
                      <mo>)</mo>
                    </mrow>
                  </mrow>
                  <mo>&#x2062;</mo>
                  <mi>dL</mi>
                </mrow>
                <mo>-</mo>
                <mrow>
                  <msub>
                    <mi>Y</mi>
                    <mi>i</mi>
                  </msub>
                  <mo>&#x2061;</mo>
                  <mrow>
                    <mo>(</mo>
                    <mi>L</mi>
                    <mo>)</mo>
                  </mrow>
                </mrow>
              </mrow>
              <mrow>
                <mrow>
                  <mrow>
                    <msub>
                      <mi>X</mi>
                      <mi>i</mi>
                    </msub>
                    <mo>&#x2061;</mo>
                    <mrow>
                      <mo>(</mo>
                      <mi>L</mi>
                      <mo>)</mo>
                    </mrow>
                  </mrow>
                  <mo>&#x2062;</mo>
                  <mi>dL</mi>
                </mrow>
                <mo>-</mo>
                <mrow>
                  <msub>
                    <mi>X</mi>
                    <mi>i</mi>
                  </msub>
                  <mo>&#x2061;</mo>
                  <mrow>
                    <mo>(</mo>
                    <mi>L</mi>
                    <mo>)</mo>
                  </mrow>
                </mrow>
              </mrow>
            </mfrac>
            <mo>)</mo>
          </mrow>
        </mrow>
      </mrow>
    </mtd>
    <mtd>
      <mrow>
        <mo>(</mo>
        <mrow>
          <mi>Equation</mi>
          <mo>&#x2062;</mo>
          <mstyle>
            <mspace width="1.1em" height="1.1ex"/>
          </mstyle>
          <mo>&#x2062;</mo>
          <mn>21</mn>
        </mrow>
        <mo>)</mo>
      </mrow>
    </mtd>
  </mtr>
</mtable>
</math>
</maths>
</p>
<p id="p-0054" num="0053">Transforming V(L) into V<sub>R</sub>(L) in the rotated reference frame is constructed from &#x3b8;(L) and is shown in Equation 22.</p>
<p id="p-0055" num="0054">
<maths id="MATH-US-00006" num="00006">
<math overflow="scroll">
<mtable>
  <mtr>
    <mtd>
      <mrow>
        <mrow>
          <mi>R</mi>
          <mo>&#x2061;</mo>
          <mrow>
            <mo>(</mo>
            <mi>L</mi>
            <mo>)</mo>
          </mrow>
        </mrow>
        <mo>=</mo>
        <mrow>
          <mo>[</mo>
          <mfrac>
            <mrow>
              <mrow>
                <mi>cos</mi>
                <mo>&#x2061;</mo>
                <mrow>
                  <mo>(</mo>
                  <mrow>
                    <mi>&#x3b8;</mi>
                    <mo>&#x2061;</mo>
                    <mrow>
                      <mo>(</mo>
                      <mi>L</mi>
                      <mo>)</mo>
                    </mrow>
                  </mrow>
                  <mo>)</mo>
                </mrow>
              </mrow>
              <mo>-</mo>
              <mrow>
                <mi>sin</mi>
                <mo>&#x2061;</mo>
                <mrow>
                  <mo>(</mo>
                  <mrow>
                    <mi>&#x3b8;</mi>
                    <mo>&#x2061;</mo>
                    <mrow>
                      <mo>(</mo>
                      <mi>L</mi>
                      <mo>)</mo>
                    </mrow>
                  </mrow>
                  <mo>)</mo>
                </mrow>
              </mrow>
            </mrow>
            <mrow>
              <mrow>
                <mi>sin</mi>
                <mo>&#x2061;</mo>
                <mrow>
                  <mo>(</mo>
                  <mrow>
                    <mi>&#x3b8;</mi>
                    <mo>&#x2061;</mo>
                    <mrow>
                      <mo>(</mo>
                      <mi>L</mi>
                      <mo>)</mo>
                    </mrow>
                  </mrow>
                  <mo>)</mo>
                </mrow>
              </mrow>
              <mo>+</mo>
              <mrow>
                <mi>cos</mi>
                <mo>&#x2061;</mo>
                <mrow>
                  <mo>(</mo>
                  <mrow>
                    <mi>&#x3b8;</mi>
                    <mo>&#x2061;</mo>
                    <mrow>
                      <mo>(</mo>
                      <mi>L</mi>
                      <mo>)</mo>
                    </mrow>
                  </mrow>
                  <mo>)</mo>
                </mrow>
              </mrow>
            </mrow>
          </mfrac>
          <mo>]</mo>
        </mrow>
      </mrow>
    </mtd>
    <mtd>
      <mrow>
        <mo>(</mo>
        <mrow>
          <mi>Equation</mi>
          <mo>&#x2062;</mo>
          <mstyle>
            <mspace width="1.1em" height="1.1ex"/>
          </mstyle>
          <mo>&#x2062;</mo>
          <mn>22</mn>
        </mrow>
        <mo>)</mo>
      </mrow>
    </mtd>
  </mtr>
</mtable>
</math>
</maths>
</p>
<p id="p-0056" num="0055">The x and y components of V<sub>R</sub>(L) are expressed generally in Equation 23 and shown in <figref idref="DRAWINGS">FIG. 8G</figref>.</p>
<p id="p-0057" num="0056">
<maths id="MATH-US-00007" num="00007">
<math overflow="scroll">
<mtable>
  <mtr>
    <mtd>
      <mrow>
        <mrow>
          <msub>
            <mi>V</mi>
            <mi>R</mi>
          </msub>
          <mo>&#x2061;</mo>
          <mrow>
            <mo>(</mo>
            <mi>L</mi>
            <mo>)</mo>
          </mrow>
        </mrow>
        <mo>=</mo>
        <mrow>
          <mfrac>
            <mn>1</mn>
            <mn>2</mn>
          </mfrac>
          <mo>&#x2062;</mo>
          <mrow>
            <mi>R</mi>
            <mo>&#x2061;</mo>
            <mrow>
              <mo>(</mo>
              <mi>L</mi>
              <mo>)</mo>
            </mrow>
          </mrow>
          <mo>&#x2062;</mo>
          <mrow>
            <mi>V</mi>
            <mo>&#x2061;</mo>
            <mrow>
              <mo>(</mo>
              <mi>L</mi>
              <mo>)</mo>
            </mrow>
          </mrow>
        </mrow>
      </mrow>
    </mtd>
    <mtd>
      <mrow>
        <mo>(</mo>
        <mrow>
          <mi>Equation</mi>
          <mo>&#x2062;</mo>
          <mstyle>
            <mspace width="1.1em" height="1.1ex"/>
          </mstyle>
          <mo>&#x2062;</mo>
          <mn>23</mn>
        </mrow>
        <mo>)</mo>
      </mrow>
    </mtd>
  </mtr>
</mtable>
</math>
</maths>
</p>
<p id="p-0058" num="0057">The end result of the tooth profile determination process is obtained by dividing V<sub>R</sub>(L) by 2 to obtain the vector midpoint between p<sub>o </sub>and p<sub>i</sub>. The preferred profile curve V<sub>R</sub>(L)/2 of this example is illustrated in the graph of <figref idref="DRAWINGS">FIG. 8H</figref>.</p>
<p id="p-0059" num="0058">Although an embodiment has been described in detail for purposes of illustration, various modifications may be made without departing from the scope and spirit of the invention.</p>
<?DETDESC description="Detailed Description" end="tail"?>
</description>
<us-math idrefs="MATH-US-00001" nb-file="US07891272-20110222-M00001.NB">
<img id="EMI-M00001" he="10.92mm" wi="76.20mm" file="US07891272-20110222-M00001.TIF" alt="embedded image " img-content="math" img-format="tif"/>
</us-math>
<us-math idrefs="MATH-US-00002" nb-file="US07891272-20110222-M00002.NB">
<img id="EMI-M00002" he="30.73mm" wi="76.20mm" file="US07891272-20110222-M00002.TIF" alt="embedded image " img-content="math" img-format="tif"/>
</us-math>
<us-math idrefs="MATH-US-00003" nb-file="US07891272-20110222-M00003.NB">
<img id="EMI-M00003" he="18.37mm" wi="76.20mm" file="US07891272-20110222-M00003.TIF" alt="embedded image " img-content="math" img-format="tif"/>
</us-math>
<us-math idrefs="MATH-US-00004" nb-file="US07891272-20110222-M00004.NB">
<img id="EMI-M00004" he="15.49mm" wi="76.20mm" file="US07891272-20110222-M00004.TIF" alt="embedded image " img-content="math" img-format="tif"/>
</us-math>
<us-math idrefs="MATH-US-00005" nb-file="US07891272-20110222-M00005.NB">
<img id="EMI-M00005" he="6.69mm" wi="76.20mm" file="US07891272-20110222-M00005.TIF" alt="embedded image " img-content="math" img-format="tif"/>
</us-math>
<us-math idrefs="MATH-US-00006" nb-file="US07891272-20110222-M00006.NB">
<img id="EMI-M00006" he="6.69mm" wi="76.20mm" file="US07891272-20110222-M00006.TIF" alt="embedded image " img-content="math" img-format="tif"/>
</us-math>
<us-math idrefs="MATH-US-00007" nb-file="US07891272-20110222-M00007.NB">
<img id="EMI-M00007" he="6.35mm" wi="76.20mm" file="US07891272-20110222-M00007.TIF" alt="embedded image " img-content="math" img-format="tif"/>
</us-math>
<us-claim-statement>What is claimed is:</us-claim-statement>
<claims id="claims">
<claim id="CLM-00001" num="00001">
<claim-text>1. A robotic harmonic flex-drive, comprising:
<claim-text>a first generally cylindrical spline having inner diameter gear teeth;</claim-text>
<claim-text>a second generally cylindrical spline concentric to the first spline and having outer diameter gear teeth; and</claim-text>
<claim-text>a wave generator comprising a pair of rollers disposed adjacent to an outer surface of the first spline and an inner surface of the second spline, wherein the rollers deform the second splines into ellipse whereby the inner diameter gear teeth of the first spline engage the outer diameter gear teeth of the second spline.</claim-text>
</claim-text>
</claim>
<claim id="CLM-00002" num="00002">
<claim-text>2. The robotic harmonic flex-drive of <claim-ref idref="CLM-00001">claim 1</claim-ref>, wherein the inner diameter gear teeth contact the outer diameter gear teeth at a pair of diametrically opposed points.</claim-text>
</claim>
<claim id="CLM-00003" num="00003">
<claim-text>3. The robotic harmonic flex-drive of <claim-ref idref="CLM-00002">claim 2</claim-ref>, wherein the inner diameter gear teeth contact the outer diameter gear teeth along a major axis of the deformed first and second splines.</claim-text>
</claim>
<claim id="CLM-00004" num="00004">
<claim-text>4. The robotic harmonic flex-drive of <claim-ref idref="CLM-00001">claim 1</claim-ref>, wherein a ratio of outer diameter gear teeth to inner diameter gear teeth determines an angular rotational speed of the second spline relative to an angular rotational speed of the wave generator.</claim-text>
</claim>
<claim id="CLM-00005" num="00005">
<claim-text>5. The robotic harmonic flex-drive of <claim-ref idref="CLM-00004">claim 4</claim-ref>, wherein the outer diameter gear teeth outnumber the inner diameter gear teeth such that the angular rotational speed of the second spline is relatively slower than the angular rotational speed of the wave generator.</claim-text>
</claim>
<claim id="CLM-00006" num="00006">
<claim-text>6. The robotic harmonic flex-drive of <claim-ref idref="CLM-00001">claim 1</claim-ref>, wherein the wave generator includes a second pair of rollers disposed adjacent to an outside surface of the first spline and an inner surface of the second spline.</claim-text>
</claim>
<claim id="CLM-00007" num="00007">
<claim-text>7. The robotic harmonic flex-drive of <claim-ref idref="CLM-00001">claim 1</claim-ref>, including a motor for rotating the wave generator.</claim-text>
</claim>
<claim id="CLM-00008" num="00008">
<claim-text>8. The robotic harmonic flex-drive of <claim-ref idref="CLM-00001">claim 1</claim-ref>, wherein the inner diameter gear teeth and the outer diameter gear teeth are disengaged along a minor axis of the deformed first and second splines.</claim-text>
</claim>
<claim id="CLM-00009" num="00009">
<claim-text>9. The robotic harmonic flex-drive of <claim-ref idref="CLM-00001">claim 1</claim-ref>, wherein the first spline is stationary.</claim-text>
</claim>
<claim id="CLM-00010" num="00010">
<claim-text>10. A robotic harmonic flex-drive, comprising:
<claim-text>a first generally cylindrical spline having inner diameter gear teeth;</claim-text>
<claim-text>a second generally cylindrical spline concentric to the first spline and having outer diameter gear teeth; and</claim-text>
<claim-text>a wave generator comprising a pair of rollers disposed adjacent to an outer surface of the first spline and an inner surface of the second spline, wherein the rollers deform the second splines into ellipse whereby the inner diameter gear teeth of the first spline engage the outer diameter gear teeth of the second spline along a major axis of the deformed first and second splines.</claim-text>
</claim-text>
</claim>
<claim id="CLM-00011" num="00011">
<claim-text>11. The robotic harmonic flex-drive of <claim-ref idref="CLM-00010">claim 10</claim-ref>, wherein the outer diameter gear teeth outnumber the inner diameter gear teeth such that the angular rotational speed of the second spline is relatively slower than the angular rotational speed of the wave generator.</claim-text>
</claim>
<claim id="CLM-00012" num="00012">
<claim-text>12. The robotic harmonic flex-drive of <claim-ref idref="CLM-00010">claim 10</claim-ref>, wherein the wave generator includes a second pair of rollers disposed adjacent to an outside surface of the first spline and an inner surface of the second spline.</claim-text>
</claim>
<claim id="CLM-00013" num="00013">
<claim-text>13. The robotic harmonic flex-drive of <claim-ref idref="CLM-00010">claim 10</claim-ref>, including a motor for rotating the wave generator.</claim-text>
</claim>
<claim id="CLM-00014" num="00014">
<claim-text>14. The robotic harmonic flex drive of <claim-ref idref="CLM-00010">claim 10</claim-ref>, wherein the inner diameter gear teeth and the outer diameter gear teeth are disengaged along a minor axis of the deformed first and second splines.</claim-text>
</claim>
<claim id="CLM-00015" num="00015">
<claim-text>15. The robotic harmonic flex-drive of <claim-ref idref="CLM-00010">claim 10</claim-ref>, wherein the first spline is stationary.</claim-text>
</claim>
<claim id="CLM-00016" num="00016">
<claim-text>16. A robotic harmonic flex-drive, comprising:
<claim-text>a first generally cylindrical spline having inner diameter gear teeth;</claim-text>
<claim-text>a second generally cylindrical spline concentric to the first spline and having outer diameter gear teeth; and</claim-text>
<claim-text>a wave generator comprising a pair of rollers disposed adjacent to an outer surface of the first spline and an inner surface of the second spline, wherein the rollers deform the second splines into ellipse whereby the inner diameter gear teeth of the first spline engage the outer diameter gear teeth of the second spline at a pair of diametrically opposed points; and</claim-text>
<claim-text>wherein a ratio of outer diameter gear teeth to inner diameter gear teeth determines an angular rotational speed of the second spline relative to an angular rotational speed of the wave generator.</claim-text>
</claim-text>
</claim>
<claim id="CLM-00017" num="00017">
<claim-text>17. The robotic harmonic flex-drive of <claim-ref idref="CLM-00016">claim 16</claim-ref>, wherein the inner diameter gear teeth contact the outer diameter gear teeth along a major axis of the deformed first and second splines.</claim-text>
</claim>
<claim id="CLM-00018" num="00018">
<claim-text>18. The robotic harmonic flex-drive of <claim-ref idref="CLM-00016">claim 16</claim-ref>, wherein the outer diameter gear teeth outnumber the inner diameter gear teeth such that the angular rotational speed of the second spline is relatively slower than the angular rotational speed of the wave generator.</claim-text>
</claim>
<claim id="CLM-00019" num="00019">
<claim-text>19. The robotic harmonic flex-drive of <claim-ref idref="CLM-00016">claim 16</claim-ref>, wherein the wave generator includes a second pair of rollers disposed adjacent to an outside surface of the first spline and an inner surface of the second spline and a motor for rotating the wave generator, wherein the inner diameter gear teeth and the outer diameter gear teeth are disengaged along a minor axis of the deformed first and second splines.</claim-text>
</claim>
<claim id="CLM-00020" num="00020">
<claim-text>20. The robotic harmonic flex-drive of <claim-ref idref="CLM-00016">claim 16</claim-ref>, wherein the first spline is stationary. </claim-text>
</claim>
</claims>
</us-patent-grant>
