<?xml version="1.0" encoding="UTF-8"?>
<!DOCTYPE us-patent-grant SYSTEM "us-patent-grant-v42-2006-08-23.dtd" [ ]>
<us-patent-grant lang="EN" dtd-version="v4.2 2006-08-23" file="US07891249-20110222.XML" status="PRODUCTION" id="us-patent-grant" country="US" date-produced="20110208" date-publ="20110222">
<us-bibliographic-data-grant>
<publication-reference>
<document-id>
<country>US</country>
<doc-number>07891249</doc-number>
<kind>B2</kind>
<date>20110222</date>
</document-id>
</publication-reference>
<application-reference appl-type="utility">
<document-id>
<country>US</country>
<doc-number>11832423</doc-number>
<date>20070801</date>
</document-id>
</application-reference>
<us-application-series-code>11</us-application-series-code>
<us-term-of-grant>
<us-term-extension>568</us-term-extension>
</us-term-of-grant>
<classifications-ipcr>
<classification-ipcr>
<ipc-version-indicator><date>20060101</date></ipc-version-indicator>
<classification-level>A</classification-level>
<section>B</section>
<class>06</class>
<subclass>B</subclass>
<main-group>3</main-group>
<subgroup>00</subgroup>
<symbol-position>F</symbol-position>
<classification-value>I</classification-value>
<action-date><date>20110222</date></action-date>
<generating-office><country>US</country></generating-office>
<classification-status>B</classification-status>
<classification-data-source>H</classification-data-source>
</classification-ipcr>
</classifications-ipcr>
<classification-national>
<country>US</country>
<main-classification> 73663</main-classification>
<further-classification> 73667</further-classification>
</classification-national>
<invention-title id="d2e53">Multi-axis vibration method and apparatus</invention-title>
<references-cited>
<citation>
<patcit num="00001">
<document-id>
<country>US</country>
<doc-number>2306110</doc-number>
<kind>A</kind>
<name>Pendleton</name>
<date>19421200</date>
</document-id>
</patcit>
<category>cited by examiner</category>
<classification-national><country>US</country><main-classification> 73668</main-classification></classification-national>
</citation>
<citation>
<patcit num="00002">
<document-id>
<country>US</country>
<doc-number>3581739</doc-number>
<kind>A</kind>
<name>Brandt et al.</name>
<date>19710600</date>
</document-id>
</patcit>
<category>cited by examiner</category>
<classification-national><country>US</country><main-classification> 73666</main-classification></classification-national>
</citation>
<citation>
<patcit num="00003">
<document-id>
<country>US</country>
<doc-number>3690145</doc-number>
<kind>A</kind>
<name>Brisard</name>
<date>19720900</date>
</document-id>
</patcit>
<category>cited by examiner</category>
<classification-national><country>US</country><main-classification> 73 1108</main-classification></classification-national>
</citation>
<citation>
<patcit num="00004">
<document-id>
<country>US</country>
<doc-number>3712120</doc-number>
<kind>A</kind>
<name>Fletcher et al.</name>
<date>19730100</date>
</document-id>
</patcit>
<category>cited by examiner</category>
<classification-national><country>US</country><main-classification> 73663</main-classification></classification-national>
</citation>
<citation>
<patcit num="00005">
<document-id>
<country>US</country>
<doc-number>4181028</doc-number>
<kind>A</kind>
<name>Talbott, Jr.</name>
<date>19800100</date>
</document-id>
</patcit>
<category>cited by examiner</category>
<classification-national><country>US</country><main-classification> 73665</main-classification></classification-national>
</citation>
<citation>
<patcit num="00006">
<document-id>
<country>US</country>
<doc-number>4848160</doc-number>
<kind>A</kind>
<name>Marshall et al.</name>
<date>19890700</date>
</document-id>
</patcit>
<category>cited by other</category>
<classification-national><country>US</country><main-classification> 73663</main-classification></classification-national>
</citation>
<citation>
<patcit num="00007">
<document-id>
<country>US</country>
<doc-number>5042306</doc-number>
<kind>A</kind>
<name>Cericola et al.</name>
<date>19910800</date>
</document-id>
</patcit>
<category>cited by other</category>
<classification-national><country>US</country><main-classification> 73667</main-classification></classification-national>
</citation>
<citation>
<patcit num="00008">
<document-id>
<country>US</country>
<doc-number>5156051</doc-number>
<kind>A</kind>
<name>Marshall</name>
<date>19921000</date>
</document-id>
</patcit>
<category>cited by other</category>
<classification-national><country>US</country><main-classification> 73663</main-classification></classification-national>
</citation>
<citation>
<patcit num="00009">
<document-id>
<country>US</country>
<doc-number>5277066</doc-number>
<kind>A</kind>
<name>Marshall</name>
<date>19940100</date>
</document-id>
</patcit>
<category>cited by examiner</category>
<classification-national><country>US</country><main-classification> 73663</main-classification></classification-national>
</citation>
<citation>
<patcit num="00010">
<document-id>
<country>US</country>
<doc-number>5650569</doc-number>
<kind>A</kind>
<name>Liu</name>
<date>19970700</date>
</document-id>
</patcit>
<category>cited by examiner</category>
<classification-national><country>US</country><main-classification> 73663</main-classification></classification-national>
</citation>
<citation>
<patcit num="00011">
<document-id>
<country>US</country>
<doc-number>2002/0144552</doc-number>
<kind>A1</kind>
<name>Eneroth et al.</name>
<date>20021000</date>
</document-id>
</patcit>
<category>cited by other</category>
<classification-national><country>US</country><main-classification> 73662</main-classification></classification-national>
</citation>
</references-cited>
<number-of-claims>11</number-of-claims>
<us-exemplary-claim>1</us-exemplary-claim>
<us-field-of-classification-search>
<classification-national>
<country>US</country>
<main-classification> 73663</main-classification>
</classification-national>
<classification-national>
<country>US</country>
<main-classification> 73667</main-classification>
</classification-national>
</us-field-of-classification-search>
<figures>
<number-of-drawing-sheets>6</number-of-drawing-sheets>
<number-of-figures>11</number-of-figures>
</figures>
<us-related-documents>
<related-publication>
<document-id>
<country>US</country>
<doc-number>20090031815</doc-number>
<kind>A1</kind>
<date>20090205</date>
</document-id>
</related-publication>
</us-related-documents>
<parties>
<applicants>
<applicant sequence="001" app-type="applicant-inventor" designation="us-only">
<addressbook>
<last-name>Lim</last-name>
<first-name>Jui Jing</first-name>
<address>
<city>Singapore</city>
<country>SG</country>
</address>
</addressbook>
<nationality>
<country>omitted</country>
</nationality>
<residence>
<country>SG</country>
</residence>
</applicant>
<applicant sequence="002" app-type="applicant-inventor" designation="us-only">
<addressbook>
<last-name>Liu</last-name>
<first-name>Xiong</first-name>
<address>
<city>Singapore</city>
<country>SG</country>
</address>
</addressbook>
<nationality>
<country>omitted</country>
</nationality>
<residence>
<country>SG</country>
</residence>
</applicant>
<applicant sequence="003" app-type="applicant-inventor" designation="us-only">
<addressbook>
<last-name>Su</last-name>
<first-name>Ying</first-name>
<address>
<city>Singapore</city>
<country>SG</country>
</address>
</addressbook>
<nationality>
<country>omitted</country>
</nationality>
<residence>
<country>SG</country>
</residence>
</applicant>
<applicant sequence="004" app-type="applicant-inventor" designation="us-only">
<addressbook>
<last-name>Beng</last-name>
<first-name>Thia Kong</first-name>
<address>
<city>Singapore</city>
<country>SG</country>
</address>
</addressbook>
<nationality>
<country>omitted</country>
</nationality>
<residence>
<country>SG</country>
</residence>
</applicant>
<applicant sequence="005" app-type="applicant-inventor" designation="us-only">
<addressbook>
<last-name>Hong</last-name>
<first-name>Yi Ren</first-name>
<address>
<city>Singapore</city>
<country>SG</country>
</address>
</addressbook>
<nationality>
<country>omitted</country>
</nationality>
<residence>
<country>SG</country>
</residence>
</applicant>
<applicant sequence="006" app-type="applicant-inventor" designation="us-only">
<addressbook>
<last-name>Soh</last-name>
<first-name>Kok Tong</first-name>
<address>
<city>Singapore</city>
<country>SG</country>
</address>
</addressbook>
<nationality>
<country>omitted</country>
</nationality>
<residence>
<country>SG</country>
</residence>
</applicant>
</applicants>
<agents>
<agent sequence="01" rep-type="attorney">
<addressbook>
<last-name>Kuale</last-name>
<first-name>Deirdre</first-name>
<address>
<country>unknown</country>
</address>
</addressbook>
</agent>
</agents>
</parties>
<assignees>
<assignee>
<addressbook>
<orgname>Seagate Technology LLC</orgname>
<role>02</role>
<address>
<city>Scotts Valley</city>
<state>CA</state>
<country>US</country>
</address>
</addressbook>
</assignee>
</assignees>
<examiners>
<primary-examiner>
<last-name>Williams</last-name>
<first-name>Hezron</first-name>
<department>2856</department>
</primary-examiner>
<assistant-examiner>
<last-name>Fayyaz</last-name>
<first-name>Nashmiya</first-name>
</assistant-examiner>
</examiners>
</us-bibliographic-data-grant>
<abstract id="abstract">
<p id="p-0001" num="0000">A vibration test apparatus is disclosed. The vibration test apparatus includes a platform assembly, which receives a vibration input from a vibration source and imparts a multi-axial vibration to a test specimen on the platform assembly. In illustrated embodiments the platform assembly includes one or more platforms having an adjustable incline angle. The incline angle is adjusted to provide the desired output vibration based upon a measured or determined vibration profile and the input vibration from the vibration source.</p>
</abstract>
<drawings id="DRAWINGS">
<figure id="Fig-EMI-D00000" num="00000">
<img id="EMI-D00000" he="124.63mm" wi="121.24mm" file="US07891249-20110222-D00000.TIF" alt="embedded image" img-content="drawing" img-format="tif"/>
</figure>
<figure id="Fig-EMI-D00001" num="00001">
<img id="EMI-D00001" he="112.27mm" wi="93.30mm" file="US07891249-20110222-D00001.TIF" alt="embedded image" img-content="drawing" img-format="tif"/>
</figure>
<figure id="Fig-EMI-D00002" num="00002">
<img id="EMI-D00002" he="144.78mm" wi="153.25mm" file="US07891249-20110222-D00002.TIF" alt="embedded image" img-content="drawing" img-format="tif"/>
</figure>
<figure id="Fig-EMI-D00003" num="00003">
<img id="EMI-D00003" he="237.49mm" wi="167.81mm" file="US07891249-20110222-D00003.TIF" alt="embedded image" img-content="drawing" img-format="tif"/>
</figure>
<figure id="Fig-EMI-D00004" num="00004">
<img id="EMI-D00004" he="243.42mm" wi="165.69mm" file="US07891249-20110222-D00004.TIF" alt="embedded image" img-content="drawing" img-format="tif"/>
</figure>
<figure id="Fig-EMI-D00005" num="00005">
<img id="EMI-D00005" he="211.84mm" wi="96.10mm" file="US07891249-20110222-D00005.TIF" alt="embedded image" img-content="drawing" img-format="tif"/>
</figure>
<figure id="Fig-EMI-D00006" num="00006">
<img id="EMI-D00006" he="242.57mm" wi="158.16mm" file="US07891249-20110222-D00006.TIF" alt="embedded image" img-content="drawing" img-format="tif"/>
</figure>
</drawings>
<description id="description">
<?BRFSUM description="Brief Summary" end="lead"?>
<heading id="h-0001" level="1">BACKGROUND</heading>
<p id="p-0002" num="0001">Electronic products and in particular, portable electronic products are susceptible to vibration. Vibration can interfere with operation and degrade lifetime performance of such products. For example, various portable electronic products, such as mobile phones, include data storage devices, which have rotating data storage elements. Vibration can interfere with the operation of said rotating data storage elements.</p>
<heading id="h-0002" level="1">SUMMARY</heading>
<p id="p-0003" num="0002">The present application relates to a vibration test apparatus and method. The vibration test apparatus includes a platform assembly, which receives a vibration input from a vibration source and imparts a multi-axial vibration to a test specimen on the platform assembly. In illustrated embodiments the platform assembly includes one or more platforms having an adjustable incline angle. The incline angle is adjusted to provide the desired output vibration based upon a measured or determined vibration profile. Other features and benefits that characterize embodiments of the present invention will be apparent upon reading the following detailed description and review of the associated drawings.</p>
<?BRFSUM description="Brief Summary" end="tail"?>
<?brief-description-of-drawings description="Brief Description of Drawings" end="lead"?>
<description-of-drawings>
<heading id="h-0003" level="1">BRIEF DESCRIPTION OF THE DRAWINGS</heading>
<p id="p-0004" num="0003"><figref idref="DRAWINGS">FIG. 1</figref> is a schematic illustration of a portable electronic device susceptible to vibration.</p>
<p id="p-0005" num="0004"><figref idref="DRAWINGS">FIG. 2</figref> schematically illustrates a test apparatus including a platform assembly and vibration source.</p>
<p id="p-0006" num="0005"><figref idref="DRAWINGS">FIG. 3</figref> is a schematic illustration of a first inclined platform of a platform assembly for a test apparatus as illustrated in <figref idref="DRAWINGS">FIG. 2</figref>.</p>
<p id="p-0007" num="0006"><figref idref="DRAWINGS">FIG. 4</figref> is a schematic illustration of a second inclined platform of a platform assembly for a test apparatus as illustrated in <figref idref="DRAWINGS">FIG. 2</figref>.</p>
<p id="p-0008" num="0007"><figref idref="DRAWINGS">FIG. 5</figref> schematically illustrates an embodiment of a platform assembly including a plurality of adjustable platforms.</p>
<p id="p-0009" num="0008"><figref idref="DRAWINGS">FIG. 6</figref> schematically illustrates an embodiment of a bracket portion for hinge assemblies for pivotally connecting inclined platforms of the platform assembly illustrated in <figref idref="DRAWINGS">FIG. 5</figref>.</p>
<p id="p-0010" num="0009"><figref idref="DRAWINGS">FIG. 7</figref> is a cross-sectional view taken along line <b>7</b>-<b>7</b> of <figref idref="DRAWINGS">FIG. 6</figref>.</p>
<p id="p-0011" num="0010"><figref idref="DRAWINGS">FIG. 8</figref> is a flow chart illustrating steps for vibration testing using a test apparatus including an input vibration and one or more adjustable inclined platforms.</p>
<p id="p-0012" num="0011"><figref idref="DRAWINGS">FIGS. 9-11</figref> graphically illustrate measured vibration for use in determining vibration input for a vibration test apparatus as illustrated in <figref idref="DRAWINGS">FIG. 2</figref>.</p>
</description-of-drawings>
<?brief-description-of-drawings description="Brief Description of Drawings" end="tail"?>
<?DETDESC description="Detailed Description" end="lead"?>
<heading id="h-0004" level="1">DETAILED DESCRIPTION OF ILLUSTRATIVE EMBODIMENTS</heading>
<p id="p-0013" num="0012">Device such as portable electronic devices of the type illustrated in <figref idref="DRAWINGS">FIG. 1</figref> are exposed to vibration during use. Such vibration can interfere with operation of the device. The device illustrated in <figref idref="DRAWINGS">FIG. 1</figref> is a mobile phone device <b>100</b>, which includes a data storage media <b>102</b> enclosed within a housing or casing <b>104</b> of the device. The device <b>100</b> also includes host component(s) <b>106</b> that interface with the data storage media <b>102</b> to read and/or write data to the data storage media <b>102</b>. Illustratively, the data storage media <b>102</b> includes one or more rotating discs and one or more adjustable heads to read and/or write data to the rotating discs. Vibration of the device <b>100</b> can interfere with operation of the data storage media, and in particular, operation of the one or more heads and discs, or other components of the device. Typically electronic devices include damping components or other design features to limit the effects of vibration. Damping components or features can be designed utilizing mathematical modeling techniques, however, mathematical modeling techniques may not adequately predict actual vibration performance.</p>
<p id="p-0014" num="0013"><figref idref="DRAWINGS">FIG. 2</figref> illustrates an embodiment of a test apparatus <b>120</b> for testing vibration performance of a test specimen <b>122</b> such as the portable electronic device <b>100</b> of the type illustrated in <figref idref="DRAWINGS">FIG. 1</figref>. The illustrated test apparatus <b>120</b> includes a platform assembly <b>124</b>, which is configured to receive a vibration input F<sub>input </sub>from a vibration source <b>126</b> and output a multi-axial vibration to the test specimen <b>122</b> supported on or coupled to the platform assembly <b>124</b>. Illustratively, the vibration source <b>126</b> is a shaker device or similar device, which provides an input vibration along a single axis such as one of the x, y or z axes illustrated in <figref idref="DRAWINGS">FIG. 2</figref>.</p>
<p id="p-0015" num="0014">In the embodiment illustrated in <figref idref="DRAWINGS">FIG. 2</figref>, the platform assembly <b>124</b> includes a base portion <b>130</b>, a first inclined platform <b>132</b> coupled to the base portion <b>130</b> and a second inclined platform <b>134</b> coupled to the first inclined platform <b>132</b>. As shown the first inclined platform <b>132</b> is coupled to the base portion <b>110</b> at an incline angle &#x3b8;<sub>1</sub>. The second inclined platform <b>134</b> is coupled to the first inclined platform <b>132</b> at an incline angle &#x3b8;<sub>2 </sub>to impart a multi-axial vibration to the test specimen <b>122</b> supported on the second platform <b>134</b> as shown. The axis of incline angle &#x3b8;<sub>2 </sub>is orthogonal to the axis of incline angle &#x3b8;<sub>1</sub>.</p>
<p id="p-0016" num="0015">As previously described, the multi-axial vibration is imparted to the test specimen <b>122</b> through the platform assembly <b>124</b> in response to the vibration input F<sub>input </sub>from the vibration source <b>126</b>. In the embodiment illustrated in <figref idref="DRAWINGS">FIG. 2</figref>, the platform assembly <b>124</b> is orientated to receive a vibration input F<sub>input </sub>along the z-axis (i.e., F<sub>input</sub>=F<sub>input-z</sub>), although application is not limited to a particular orientation or F<sub>input</sub>. For example, the input vibration from the vibration source <b>126</b> can be orientated relative to the x, y or z axes to provide F<sub>input</sub>=F<sub>input-x</sub>, F<sub>input</sub>=F<sub>input-y</sub>, or F<sub>input</sub>=F<sub>input-z</sub>.</p>
<p id="p-0017" num="0016"><figref idref="DRAWINGS">FIGS. 3-4</figref> illustrate components of the platform assembly <b>124</b> illustrated in <figref idref="DRAWINGS">FIG. 2</figref>. As shown in <figref idref="DRAWINGS">FIG. 3</figref>, the first platform <b>132</b> is coupled to base platform <b>138</b> and receives input vibration F<sub>input </sub>from the vibration source <b>126</b> to provide multi-axis vibration components through the first platform as follows:
<br/>
<?in-line-formulae description="In-line Formulae" end="lead"?><i>F</i><sub>1</sub><i>=F</i><sub>input </sub>cos &#x3b8;<sub>1</sub>;<?in-line-formulae description="In-line Formulae" end="tail"?>
<br/>
<?in-line-formulae description="In-line Formulae" end="lead"?><i>F</i><sub>2</sub><i>=F</i><sub>input </sub>sin &#x3b8;<sub>1 </sub><?in-line-formulae description="In-line Formulae" end="tail"?>
</p>
<p id="p-0018" num="0017">where F<sub>input </sub>is the input vibration from the vibration source <b>126</b>; and</p>
<p id="p-0019" num="0018">&#x3b8;<sub>1 </sub>is the incline angle of the first platform <b>132</b>.</p>
<p id="p-0020" num="0019">In the illustrated embodiment shown, where F<sub>input</sub>=F<sub>input-z </sub>and the first platform <b>132</b> is inclined relative to the y axis at angle &#x3b8;<sub>1 </sub>the force components are provided as follows:
<br/>
<?in-line-formulae description="In-line Formulae" end="lead"?><i>F</i><sub>z</sub><i>=F</i><sub>input-z </sub>cos &#x3b8;<sub>1</sub>; and<?in-line-formulae description="In-line Formulae" end="tail"?>
<br/>
<?in-line-formulae description="In-line Formulae" end="lead"?><i>F</i><sub>x</sub><i>=F</i><sub>input-z </sub>sin &#x3b8;<sub>1 </sub><?in-line-formulae description="In-line Formulae" end="tail"?>
</p>
<p id="p-0021" num="0020"><figref idref="DRAWINGS">FIG. 4</figref> illustrates the second platform <b>134</b> inclined at angle &#x3b8;<sub>2 </sub>relative to first platform <b>132</b>. As shown in <figref idref="DRAWINGS">FIG. 4</figref>, the second platform <b>134</b> is coupled to the first platform <b>132</b> and receives input vibration components F<sub>input1</sub>=F<sub>input </sub>cos &#x3b8;<sub>1 </sub>and F<sub>input2</sub>=F<sub>input </sub>sin &#x3b8;<sub>1 </sub>to provide a multi-axial test vibration through the second platform <b>134</b> including vibration components as follows:
<br/>
<?in-line-formulae description="In-line Formulae" end="lead"?><i>F</i><sub>1</sub><i>=F</i><sub>input </sub>cos &#x3b8;<sub>1 </sub>cos &#x3b8;<sub>2</sub>;<?in-line-formulae description="In-line Formulae" end="tail"?>
<br/>
<?in-line-formulae description="In-line Formulae" end="lead"?><i>F</i><sub>2</sub><i>=F</i><sub>input </sub>cos &#x3b8;<sub>1 </sub>sin &#x3b8;<sub>2</sub>;<?in-line-formulae description="In-line Formulae" end="tail"?>
<br/>
<?in-line-formulae description="In-line Formulae" end="lead"?><i>F</i><sub>3</sub><i>=F</i><sub>input </sub>sin &#x3b8;<sub>1 </sub><?in-line-formulae description="In-line Formulae" end="tail"?>
</p>
<p id="p-0022" num="0021">In the illustrated embodiment shown, where F<sub>input</sub>=F<sub>input-z </sub>and the first platform <b>132</b> is inclined relative to the y axis at &#x3b8;<sub>1 </sub>and the second platform <b>134</b> is inclined relative to the x axis at &#x3b8;<sub>2</sub>, the platform assembly <b>124</b> provides vibration components:
<br/>
<?in-line-formulae description="In-line Formulae" end="lead"?><i>F</i><sub>z</sub><i>=F</i><sub>input-z </sub>cos &#x3b8;<sub>1 </sub>cos &#x3b8;<sub>2</sub>;<?in-line-formulae description="In-line Formulae" end="tail"?>
<br/>
<?in-line-formulae description="In-line Formulae" end="lead"?><i>F</i><sub>y</sub><i>=F</i><sub>input-z </sub>cos &#x3b8;<sub>1 </sub>sin &#x3b8;<sub>2</sub>;<?in-line-formulae description="In-line Formulae" end="tail"?>
<br/>
<?in-line-formulae description="In-line Formulae" end="lead"?><i>F</i><sub>x</sub><i>=F</i><sub>input-z </sub>sin &#x3b8;<sub>1 </sub><?in-line-formulae description="In-line Formulae" end="tail"?>
<ul id="ul0001" list-style="none">
    <li id="ul0001-0001" num="0000">
    <ul id="ul0002" list-style="none">
        <li id="ul0002-0001" num="0022">where F<sub>input-z </sub>is an input vibration from the vibration source <b>126</b> orientated along the z axis;</li>
        <li id="ul0002-0002" num="0023">&#x3b8;<sub>1 </sub>is the incline angle of the first platform <b>132</b> relative to the y-axis.</li>
        <li id="ul0002-0003" num="0024">&#x3b8;<sub>2 </sub>is the incline angle of the second platform <b>134</b> relative to the x-axis.</li>
    </ul>
    </li>
</ul>
</p>
<p id="p-0023" num="0025">In the platform assembly <b>124</b> shown in <figref idref="DRAWINGS">FIG. 2</figref>, the first platform <b>132</b> is inclined relative to the base portion <b>110</b> and the second platform <b>134</b> is inclined relative to the first platform <b>132</b> to provide the multi-axis test vibration to the test specimen <b>122</b> through the platform assembly <b>124</b>. <figref idref="DRAWINGS">FIGS. 5-7</figref> illustrate an embodiment of a platform assembly <b>124</b> where the first platform <b>132</b> is pivotally coupled to the base portion <b>130</b> and the second platform <b>134</b> is pivotally coupled to the first platform <b>132</b> to provide adjustable incline angles &#x3b8;<sub>1 </sub>and &#x3b8;<sub>2 </sub>for platforms <b>132</b>, <b>134</b> respectively. The incline angles &#x3b8;<sub>1 </sub>and &#x3b8;<sub>2 </sub>are adjusted to provide a desired vibration profile to the test specimen <b>122</b>.</p>
<p id="p-0024" num="0026">In the embodiment illustrated in <figref idref="DRAWINGS">FIG. 5</figref>, the first platform <b>132</b> is pivotally coupled to a base portion or platform (not visible in <figref idref="DRAWINGS">FIG. 5</figref>) through a hinge assembly <b>150</b> and the second platform <b>134</b> is pivotally coupled to the first platform <b>132</b> via hinge assembly <b>152</b>. As shown in <figref idref="DRAWINGS">FIG. 5</figref> each of the hinge assemblies <b>150</b>, <b>152</b> includes a plurality of bracket portions to pivotally connect the first platform <b>132</b> to the base portion and the second platform <b>134</b> to the first platform <b>132</b>. In the embodiments shown in <figref idref="DRAWINGS">FIG. 5</figref>, the plurality of bracket portions includes bracket portions <b>160</b>-<b>1</b>, <b>160</b>-<b>2</b> connected to a perimeter edge of the base portion (not visible in <figref idref="DRAWINGS">FIG. 5</figref>) and bracket portions <b>160</b>-<b>3</b>, <b>160</b>-<b>4</b> connected to a perimeter edge of the first platform <b>132</b>. The bracket portions <b>160</b>-<b>1</b>, <b>160</b>-<b>2</b>, <b>160</b>-<b>3</b>, <b>160</b>-<b>4</b> are connected to the base portion and the first platform <b>132</b>, respectively, via fasteners <b>162</b>. In the illustrated embodiment fastener <b>162</b> is a bolt however, application is not limited to a bolt fastener and other fastening devices or adhesives can be used. Bracket portions <b>160</b>-<b>3</b>, <b>160</b>-<b>4</b> rotate relative to bracket portions <b>160</b>-<b>1</b>, <b>160</b>-<b>2</b> to adjust the incline angle &#x3b8;<sub>1 </sub>of the first platform <b>132</b> relative to the base portion <b>110</b>.</p>
<p id="p-0025" num="0027">Similarly, hinge assembly <b>152</b> includes bracket portions <b>160</b>-<b>1</b>, <b>160</b>-<b>2</b> connected to a perimeter edge of the first platform <b>132</b> and bracket portions <b>160</b>-<b>3</b>, <b>160</b>-<b>4</b> connected to a perimeter edge of the second platform <b>134</b>. Bracket portions <b>160</b>-<b>3</b>, <b>160</b>-<b>4</b> rotate relative to bracket portions <b>160</b>-<b>1</b>, <b>160</b>-<b>2</b> to adjust the incline angle &#x3b8;<sub>2 </sub>of the second platform <b>134</b> relative to the first platform <b>132</b>. Although a particular number of bracket portions are shown for hinge assemblies <b>150</b>, <b>152</b>, application is not limited to the particular number shown as the hinge assemblies <b>150</b>, <b>152</b> can include any number of bracket portions.</p>
<p id="p-0026" num="0028">Bracket portions <b>160</b>-<b>3</b> and <b>160</b>-<b>4</b> rotate relative to bracket portions <b>160</b>-<b>1</b>, <b>160</b>-<b>2</b> via an elongate rod <b>163</b> that rotationally connects the plurality of bracket portions <b>160</b>-<b>1</b>-<b>160</b>-<b>4</b> along a rotation axis. In the illustrated embodiment, bracket portions of the hinge assembly <b>150</b> rotate about a first rotation axis <b>164</b>-<b>1</b> and the bracket portions of the hinge assembly <b>152</b> rotate about a second rotation axis <b>164</b>-<b>2</b> orthogonal to the first rotation axis <b>164</b>-<b>1</b> to provide orthogonal incline angles &#x3b8;<sub>1 </sub>and &#x3b8;<sub>2</sub>. In the illustrated embodiment, the first rotation axis <b>164</b>-<b>1</b> is aligned with the y-axis and the second rotation axis <b>164</b>-<b>2</b> is aligned with the x-axis. In an alternate embodiment, the first rotation axis <b>164</b>-<b>1</b> is aligned with the x-axis and the second rotation axis <b>164</b>-<b>2</b> is aligned with the y-axis, as application is not limited to any specific orientation for the vibration source <b>126</b> or platform assembly <b>124</b>.</p>
<p id="p-0027" num="0029"><figref idref="DRAWINGS">FIG. 6</figref> is a detailed illustration of an embodiment of the bracket portions <b>160</b>-<b>1</b>-<b>160</b>-<b>4</b> of the hinge assemblies <b>150</b>, <b>152</b>. As shown, bracket portions <b>160</b>-<b>1</b> through <b>160</b>-<b>4</b> include rigid end portions <b>170</b> and a flexible inner portion <b>172</b> between the rigid end portions <b>170</b>. Rod <b>163</b> extends through a channel <b>174</b> formed through the rigid end portions <b>170</b> and the flexible inner portion <b>172</b> to form the rotation axes <b>164</b>-<b>1</b> and <b>164</b>-<b>2</b> as previously described.</p>
<p id="p-0028" num="0030">As shown in <figref idref="DRAWINGS">FIG. 7</figref>, the flexible inner portion <b>172</b> forms a clamping mechanism to restrict rotation of the bracket portions in a clamp position and allow rotation of the bracket portions in an unclamped position to adjust incline angles &#x3b8;<sub>1 </sub>and/or &#x3b8;<sub>2 </sub>as previously described. The flexible inner portion <b>172</b> includes a &#x201c;U&#x201d; shaped body forming a channel portion <b>180</b> and opposed flexible arm portions <b>182</b> separated by a gap <b>184</b>. Rod <b>163</b> extends through channel portion <b>180</b> to provide the pivotal connection for the bracket portions. The spacing or gap <b>184</b> for the opposed flexible arm portions <b>182</b> is adjusted to adjust the diameter or dimension of the channel portion <b>180</b> to selectively clamp and release the bracket portions relative to rod <b>163</b>. The spacing or position of the opposed flexible arm portions <b>182</b> is adjusted via a bolt <b>186</b> that extends through arm portions <b>182</b> and gap <b>184</b> to adjust the spacing between flexible arm portions <b>182</b>.</p>
<p id="p-0029" num="0031">To clamp or lock the incline angles &#x3b8;<sub>1 </sub>and/or &#x3b8;<sub>2</sub>, the bolt <b>186</b> is tightened to reduce the spacing or gap between the arm portions <b>182</b> so that the flexible inner portion <b>172</b> squeezes against rod <b>163</b> to restrict rotation of the bracket portions about rod <b>163</b>. To release the hinge assemblies <b>150</b> and/or <b>152</b>, the bolt <b>186</b> is loosened to increase the spacing or gap <b>184</b> to facilitate rotation of the bracket portion about rod <b>163</b> to adjust the incline angles &#x3b8;<sub>1 </sub>and/or &#x3b8;<sub>2 </sub>as previously described. In the embodiment illustrated in <figref idref="DRAWINGS">FIG. 5</figref>, the platform assembly includes first and second adjustable platforms, however application is not limited to the particular embodiment shown. For example, in one embodiment, the platform assembly <b>124</b> can include one or more adjustable incline platforms depending upon the desired vibration profile.</p>
<p id="p-0030" num="0032"><figref idref="DRAWINGS">FIG. 8</figref> is a flow chart for vibration testing. As shown, the vibration profile for the test apparatus is determined in step <b>200</b> to provide a desired vibration test profile. In an illustrated embodiment, the vibration profile is determined by measuring vibration on a test device using an accelerometer or other measurement device. The accelerometer is coupled to the test device to measure vibrations. For example, the accelerometer can be coupled to a mobile phone device or casing to measure vibration input to a data storage media of the mobile phone device. In an illustrated example, the accelerometer is an tri-axial accelerometer to measure tri-axial vibration components for the test application.</p>
<p id="p-0031" num="0033">The measured vibration or profile is used to determine input vibration components for the test apparatus <b>120</b> as shown in step <b>202</b>. In particular, in step <b>202</b>, the measured vibration is used to calculate input vibration F<sub>input </sub>for the vibration source <b>126</b> and incline angles &#x3b8;<sub>1 </sub>and &#x3b8;<sub>2 </sub>for platforms of a test apparatus. As shown in step <b>204</b>, the platforms are adjusted to the incline angles calculated in step <b>202</b> and locked into position for testing. For testing, the test specimen <b>122</b> is secured to the platform assembly <b>124</b> and the vibration input F<sub>input </sub>from the vibration source <b>126</b> is supplied to the platform assembly <b>124</b> as shown in step <b>206</b> as previously described. The test specimen <b>122</b> is secure to the platform assembly <b>124</b> of the test apparatus via fasteners or an adhesive and application is not limited to any particular device for securing the test specimen <b>122</b> to the platform assembly <b>124</b> for testing.</p>
<p id="p-0032" num="0034">In the illustrated embodiment, test components F<sub>x</sub>, F<sub>y </sub>and F<sub>z </sub>are derived based upon measurement data for x, y, z tri-axial vibration components <b>210</b>, <b>212</b>, <b>214</b> of a test device as illustrated in <figref idref="DRAWINGS">FIGS. 9-11</figref>, respectively. The incline angles &#x3b8;<sub>1 </sub>and &#x3b8;<sub>2 </sub>of the platform assembly <b>124</b> and the F<sub>input </sub>for the vibration source <b>126</b> are calculated using the following equations to provide the desired or measured vibration components F<sub>x</sub>, F<sub>y </sub>and F<sub>z</sub>.</p>
<p id="p-0033" num="0035">
<maths id="MATH-US-00001" num="00001">
<math overflow="scroll">
  <mrow>
    <msub>
      <mi>F</mi>
      <mi>input</mi>
    </msub>
    <mo>=</mo>
    <msqrt>
      <mrow>
        <msubsup>
          <mi>F</mi>
          <mi>x</mi>
          <mn>2</mn>
        </msubsup>
        <mo>+</mo>
        <msubsup>
          <mi>F</mi>
          <mi>y</mi>
          <mn>2</mn>
        </msubsup>
        <mo>+</mo>
        <msubsup>
          <mi>F</mi>
          <mi>z</mi>
          <mn>2</mn>
        </msubsup>
      </mrow>
    </msqrt>
  </mrow>
</math>
</maths>
<maths id="MATH-US-00001-2" num="00001.2">
<math overflow="scroll">
  <mrow>
    <msub>
      <mi>&#x398;</mi>
      <mn>1</mn>
    </msub>
    <mo>=</mo>
    <mrow>
      <msup>
        <mi>sin</mi>
        <mrow>
          <mo>-</mo>
          <mn>1</mn>
        </mrow>
      </msup>
      <mo>(</mo>
      <mfrac>
        <mi>Fx</mi>
        <msub>
          <mi>F</mi>
          <mi>input</mi>
        </msub>
      </mfrac>
      <mo>)</mo>
    </mrow>
  </mrow>
</math>
</maths>
<maths id="MATH-US-00001-3" num="00001.3">
<math overflow="scroll">
  <mrow>
    <msub>
      <mi>&#x398;</mi>
      <mn>2</mn>
    </msub>
    <mo>=</mo>
    <mrow>
      <msup>
        <mi>sin</mi>
        <mrow>
          <mo>-</mo>
          <mn>1</mn>
        </mrow>
      </msup>
      <mo>(</mo>
      <mfrac>
        <msub>
          <mi>F</mi>
          <mi>y</mi>
        </msub>
        <mrow>
          <msub>
            <mi>F</mi>
            <mi>input</mi>
          </msub>
          <mo>&#x2062;</mo>
          <mi>cos</mi>
          <mo>&#x2062;</mo>
          <mstyle>
            <mspace width="0.3em" height="0.3ex"/>
          </mstyle>
          <mo>&#x2062;</mo>
          <msub>
            <mi>&#x398;</mi>
            <mn>1</mn>
          </msub>
        </mrow>
      </mfrac>
      <mo>)</mo>
    </mrow>
  </mrow>
</math>
</maths>
</p>
<p id="p-0034" num="0036">It is to be understood that even though numerous characteristics and advantages of various embodiments of the invention have been set forth in the foregoing description, together with details of the structure and function of various embodiments of the invention, this disclosure is illustrative only, and changes may be made in detail, especially in matters of structure and arrangement of parts within the principles of the present invention to the full extent indicated by the broad general meaning of the terms in which the appended claims are expressed. For example, the particular elements may vary depending on the particular application while maintaining substantially the same functionality without departing from the scope and spirit of the present invention.</p>
<?DETDESC description="Detailed Description" end="tail"?>
</description>
<us-math idrefs="MATH-US-00001 MATH-US-00001-2 MATH-US-00001-3" nb-file="US07891249-20110222-M00001.NB">
<img id="EMI-M00001" he="20.15mm" wi="76.20mm" file="US07891249-20110222-M00001.TIF" alt="embedded image " img-content="math" img-format="tif"/>
</us-math>
<us-claim-statement>What is claimed is:</us-claim-statement>
<claims id="claims">
<claim id="CLM-00001" num="00001">
<claim-text>1. A test apparatus comprising:
<claim-text>a platform assembly in combination with a vibration source, the platform assembly including
<claim-text>a base portion configured to receive a vibration input from the vibration source;</claim-text>
<claim-text>a first platform pivotally coupled to the base portion via a first hinge assembly and positioned at a first adjustable incline angle; and</claim-text>
<claim-text>a second platform pivotally coupled to the first platform via a second hinge assembly and positioned at a second adjustable incline angle to provide a multi-axis vibration through the first and second platforms,</claim-text>
</claim-text>
<claim-text>wherein the first and second hinge assemblies include a clamping portion having a clamping position to restrict rotation of the first and second hinge assemblies and an unclamped position to adjust the first and second incline angles of the first and second platforms.</claim-text>
</claim-text>
</claim>
<claim id="CLM-00002" num="00002">
<claim-text>2. The test apparatus of <claim-ref idref="CLM-00001">claim 1</claim-ref> wherein the first platform is pivotally coupled to the base portion to rotate about a first axis and the second platform is pivotally coupled to the first platform to rotate about a second axis orthogonal to the first axis.</claim-text>
</claim>
<claim id="CLM-00003" num="00003">
<claim-text>3. The test apparatus of <claim-ref idref="CLM-00002">claim 2</claim-ref> wherein the first and second axes are orthogonal to an axis of the vibration input.</claim-text>
</claim>
<claim id="CLM-00004" num="00004">
<claim-text>4. A vibration test platform assembly for a test apparatus comprising:
<claim-text>a base portion adapted to receive an input vibration from a vibration source; and</claim-text>
<claim-text>a first platform pivotally coupled to the base portion to adjust a first incline angle that is greater than zero and configured to receive the input vibration and provide a multi-axial vibration input to a second platform coupled to the first platform at a second incline angle greater than zero, and the second platform is configured to receive the multi-axis vibration input and provide a tri-axial vibration input to a test specimen.</claim-text>
</claim-text>
</claim>
<claim id="CLM-00005" num="00005">
<claim-text>5. The vibration test platform assembly of <claim-ref idref="CLM-00004">claim 4</claim-ref> wherein the second platform is pivotally coupled to the first platform to adjust the second incline angle of the second platform.</claim-text>
</claim>
<claim id="CLM-00006" num="00006">
<claim-text>6. The vibration test platform assembly of <claim-ref idref="CLM-00004">claim 4</claim-ref> wherein the first incline angle is inclined relative to a first axis and the second incline angle is inclined relative to a second axis and the first and second axes are orthogonal.</claim-text>
</claim>
<claim id="CLM-00007" num="00007">
<claim-text>7. The vibration test platform assembly of <claim-ref idref="CLM-00004">claim 4</claim-ref> wherein the multi-axial vibration input provided by of the first platform includes a first force F<sub>1</sub>=F<sub>input </sub>cos &#x3b8;<sub>1 </sub>and second F<sub>2</sub>=F<sub>input </sub>sin &#x3b8;<sub>1</sub>, where F<sub>input </sub>is the input vibration and &#x3b8;<sub>1 </sub>is the first incline angle of the first platform.</claim-text>
</claim>
<claim id="CLM-00008" num="00008">
<claim-text>8. The vibration test platform assembly of <claim-ref idref="CLM-00004">claim 4</claim-ref> wherein the tri-axial vibration input provided by the second platform includes force components F<sub>1</sub>=F<sub>input </sub>cos &#x3b8;<sub>1 </sub>cos &#x3b8;<sub>2</sub>; F<sub>2</sub>=F<sub>input </sub>cos &#x3b8;<sub>1 </sub>sin &#x3b8;<sub>2</sub>; and F<sub>3</sub>=F<sub>input </sub>sin &#x3b8;<sub>1 </sub>where F<sub>input </sub>is the input vibration and &#x3b8;<sub>1 </sub>is the first incline angle of the first platform and &#x3b8;<sub>2 </sub>is the second incline angle of the second platform.</claim-text>
</claim>
<claim id="CLM-00009" num="00009">
<claim-text>9. The vibration test platform assembly of <claim-ref idref="CLM-00004">claim 4</claim-ref> in combination with the vibration source.</claim-text>
</claim>
<claim id="CLM-00010" num="00010">
<claim-text>10. A test apparatus comprising:
<claim-text>a platform assembly in combination with a vibration source, the platform assembly including
<claim-text>a base portion configured to receive a vibration input from the vibration source;</claim-text>
<claim-text>a first platform pivotally coupled to the base portion to rotate about a first axis, the first platform positioned at a first adjustable incline angle; and</claim-text>
<claim-text>a second platform pivotally coupled to the first platform to rotate about a second axis orthogonal to the first axis, the second platform positioned at a second adjustable incline angle to provide a multi-axis vibration through the first and second platforms.</claim-text>
</claim-text>
</claim-text>
</claim>
<claim id="CLM-00011" num="00011">
<claim-text>11. The test apparatus of <claim-ref idref="CLM-00010">claim 10</claim-ref> wherein the first and second axes are orthogonal to an axis of the vibration input.</claim-text>
</claim>
</claims>
</us-patent-grant>
